2026-09-14 16:46:40 [INFO] ==============================================================================
2026-09-14 16:46:40 [INFO] MMMU validation 베이스라인 평가 — Qwen/Qwen3-VL-4B-Instruct
2026-09-14 16:46:40 [INFO] ==============================================================================
2026-09-14 16:46:40 [INFO] 시작(UTC): 2026-09-14T16:46:40Z
2026-09-14 16:46:40 [INFO] 명령행: /workspace/venv/bin/python /workspace/MMDL/src/eval_mmmu.py --data-path MMMU/MMMU --model Qwen/Qwen3-VL-4B-Instruct --model-revision ebb281ec70b05090aa6165b016eac8ec08e71b17 --dataset-revision 98e6ac0cb9b7b2cd2c991b85a50762edc4aedc68 --backend vllm --split validation --template anchored --max-model-len 9048 --max-new-tokens 2048 --temperature 0.7 --top-p 0.8 --top-k 20 --repetition-penalty 1.0 --presence-penalty 1.5 --min-pixels 1280*28*28 --max-pixels 5120*28*28 --seed 3407 --gpu-memory-utilization 0.90 --max-num-seqs 32 --dry-run --out /workspace/MMDL/outputs/dryrun-anchored
2026-09-14 16:46:40 [INFO] 출력 디렉터리: /workspace/MMDL/outputs/dryrun-anchored
2026-09-14 16:46:40 [INFO] 백엔드: vllm (약 15~45분 예상)
2026-09-14 16:46:40 [INFO] ==============================================================================
2026-09-14 16:46:40 [INFO] 픽셀 예산(min_pixels / max_pixels) 해석 결과
2026-09-14 16:46:40 [INFO] ==============================================================================
2026-09-14 16:46:40 [INFO] Qwen3-VL-4B-Instruct: patch_size=16, spatial_merge_size=2 -> smart_resize factor = 32
2026-09-14 16:46:40 [INFO] 즉 visual token 1개 = 32x32 = 1,024 px (Qwen2.5-VL 의 28x28=784 가 아님)
2026-09-14 16:46:40 [INFO] --min-pixels 1280*28*28 = 1,003,520 px  ->  이미지 1장 최소 980 visual tokens
2026-09-14 16:46:40 [INFO] --max-pixels 5120*28*28 = 4,014,080 px  ->  이미지 1장 최대 3,920 visual tokens
2026-09-14 16:46:40 [INFO] 주의: 교수님 표기 1280*28*28 / 5120*28*28 은 '1280 / 5120 토큰' 을 의미하지 않습니다.
2026-09-14 16:46:40 [INFO]       Qwen3-VL 에서는 각각 980 / 3,920 토큰으로 해석됩니다. 보고서에는 이 환산값을 쓰십시오.
2026-09-14 16:46:40 [INFO] ==============================================================================
2026-09-14 16:46:40 [INFO] MMMU 데이터 로드
2026-09-14 16:46:40 [INFO] ==============================================================================
2026-09-14 16:46:40 [INFO] --data-path = MMMU/MMMU (split=validation, revision=98e6ac0cb9b7b2cd2c991b85a50762edc4aedc68)
2026-09-14 16:46:40 [INFO] FACTS 4: MMMU 는 'all' config 이 없어 30개 과목 config 을 각각 로드해 이어붙입니다.
2026-09-14 16:47:20 [INFO] 로드 완료: 900문항, 40.1초
2026-09-14 16:47:20 [INFO] ==============================================================================
2026-09-14 16:47:20 [INFO] 데이터셋 확인
2026-09-14 16:47:20 [INFO] ==============================================================================
2026-09-14 16:47:20 [INFO] 문항 수 900 / 과목 30개 / multiple-choice 847 / open 53
2026-09-14 16:47:20 [INFO] 참조 이미지 최대 인덱스 5 / 이미지가 없는 문항 0개
2026-09-14 16:47:20 [INFO] ==============================================================================
2026-09-14 16:47:20 [INFO] 프로세서 및 픽셀 예산 확정
2026-09-14 16:47:20 [INFO] ==============================================================================
2026-09-14 16:47:24 [INFO] AutoProcessor 로드: Qwen/Qwen3-VL-4B-Instruct (revision=ebb281ec70b05090aa6165b016eac8ec08e71b17)
2026-09-14 16:47:26 [INFO] factor 교차검증: image_processor -> patch_size*merge_size = 32
2026-09-14 16:47:26 [INFO] factor 교차검증: config.vision_config -> patch_size*merge_size = 32
2026-09-14 16:47:26 [INFO] 되읽은 processor.image_processor.size = {'shortest_edge': 1003520, 'longest_edge': 4014080}
2026-09-14 16:47:26 [INFO] 되읽은 예산의 토큰 환산 = 980 .. 3,920 visual tokens / image
2026-09-14 16:47:26 [INFO] ==============================================================================
2026-09-14 16:47:26 [INFO] 실험 환경 기록 (모델 로드 전)
2026-09-14 16:47:26 [INFO] ==============================================================================
2026-09-14 16:47:27 [INFO] 환경 기록 완료: /workspace/MMDL/outputs/dryrun-anchored/env.json, /workspace/MMDL/outputs/dryrun-anchored/ENVIRONMENT.md
2026-09-14 16:47:27 [INFO] GPU=NVIDIA GeForce RTX 4090 x1 / VRAM=24564 MiB / nvidia-smi CUDA=13.0 / torch.version.cuda=12.8
2026-09-14 16:47:27 [INFO] ==============================================================================
2026-09-14 16:47:27 [INFO] 프롬프트 생성 및 토큰 사전 계산 (템플릿: anchored)
2026-09-14 16:47:27 [INFO] ==============================================================================
2026-09-14 16:47:27 [INFO] 프롬프트 900건 생성, 0.5초
2026-09-14 16:47:27 [DEBUG] 토큰 사전계산 validation_Accounting_1            items=1 vision=  1008 prompt=  1169 [{'w': 733, 'h': 237, 'resized_w': 1792, 'resized_h': 576, 'tokens': 1008}]
2026-09-14 16:47:27 [DEBUG] 토큰 사전계산 validation_Accounting_2            items=1 vision=   990 prompt=  1138 [{'w': 342, 'h': 310, 'resized_w': 1056, 'resized_h': 960, 'tokens': 990}]
2026-09-14 16:47:27 [DEBUG] 토큰 사전계산 validation_Accounting_3            items=1 vision=  1035 prompt=  1155 [{'w': 336, 'h': 169, 'resized_w': 1440, 'resized_h': 736, 'tokens': 1035}]
2026-09-14 16:47:27 [DEBUG] 토큰 사전계산 validation_Accounting_4            items=1 vision=  1008 prompt=  1136 [{'w': 1222, 'h': 237, 'resized_w': 2304, 'resized_h': 448, 'tokens': 1008}]
2026-09-14 16:47:27 [DEBUG] 토큰 사전계산 validation_Accounting_5            items=1 vision=  1050 prompt=  1240 [{'w': 1219, 'h': 217, 'resized_w': 2400, 'resized_h': 448, 'tokens': 1050}]
2026-09-14 16:47:27 [DEBUG] 토큰 사전계산 validation_Accounting_6            items=1 vision=  1040 prompt=  1223 [{'w': 1216, 'h': 286, 'resized_w': 2080, 'resized_h': 512, 'tokens': 1040}]
2026-09-14 16:47:27 [DEBUG] 토큰 사전계산 validation_Accounting_7            items=1 vision=   992 prompt=  1160 [{'w': 436, 'h': 112, 'resized_w': 1984, 'resized_h': 512, 'tokens': 992}]
2026-09-14 16:47:27 [DEBUG] 토큰 사전계산 validation_Accounting_8            items=1 vision=  1008 prompt=  1187 [{'w': 756, 'h': 244, 'resized_w': 1792, 'resized_h': 576, 'tokens': 1008}]
2026-09-14 16:47:27 [DEBUG] 토큰 사전계산 validation_Accounting_9            items=1 vision=  1008 prompt=  1139 [{'w': 343, 'h': 192, 'resized_w': 1344, 'resized_h': 768, 'tokens': 1008}]
2026-09-14 16:47:27 [DEBUG] 토큰 사전계산 validation_Accounting_10           items=1 vision=  1012 prompt=  1187 [{'w': 567, 'h': 264, 'resized_w': 1472, 'resized_h': 704, 'tokens': 1012}]
2026-09-14 16:47:27 [DEBUG] 토큰 사전계산 validation_Accounting_11           items=1 vision=  1040 prompt=  1262 [{'w': 777, 'h': 184, 'resized_w': 2080, 'resized_h': 512, 'tokens': 1040}]
2026-09-14 16:47:27 [DEBUG] 토큰 사전계산 validation_Accounting_12           items=1 vision=   990 prompt=  1175 [{'w': 700, 'h': 160, 'resized_w': 2112, 'resized_h': 480, 'tokens': 990}]
2026-09-14 16:47:27 [DEBUG] 토큰 사전계산 validation_Accounting_13           items=1 vision=  1008 prompt=  1141 [{'w': 712, 'h': 181, 'resized_w': 2016, 'resized_h': 512, 'tokens': 1008}]
2026-09-14 16:47:27 [DEBUG] 토큰 사전계산 validation_Accounting_14           items=1 vision=  1050 prompt=  1214 [{'w': 1219, 'h': 244, 'resized_w': 2240, 'resized_h': 480, 'tokens': 1050}]
2026-09-14 16:47:27 [DEBUG] 토큰 사전계산 validation_Accounting_15           items=1 vision=   988 prompt=  1130 [{'w': 742, 'h': 504, 'resized_w': 1216, 'resized_h': 832, 'tokens': 988}]
2026-09-14 16:47:27 [DEBUG] 토큰 사전계산 validation_Accounting_16           items=1 vision=  1008 prompt=  1181 [{'w': 628, 'h': 271, 'resized_w': 1536, 'resized_h': 672, 'tokens': 1008}]
2026-09-14 16:47:27 [DEBUG] 토큰 사전계산 validation_Accounting_17           items=1 vision=   990 prompt=  1157 [{'w': 343, 'h': 166, 'resized_w': 1440, 'resized_h': 704, 'tokens': 990}]
2026-09-14 16:47:27 [DEBUG] 토큰 사전계산 validation_Accounting_18           items=1 vision=  1040 prompt=  1217 [{'w': 727, 'h': 172, 'resized_w': 2080, 'resized_h': 512, 'tokens': 1040}]
2026-09-14 16:47:27 [DEBUG] 토큰 사전계산 validation_Accounting_19           items=1 vision=  1008 prompt=  1173 [{'w': 733, 'h': 237, 'resized_w': 1792, 'resized_h': 576, 'tokens': 1008}]
2026-09-14 16:47:27 [DEBUG] 토큰 사전계산 validation_Accounting_20           items=1 vision=  1040 prompt=  1182 [{'w': 843, 'h': 130, 'resized_w': 2560, 'resized_h': 416, 'tokens': 1040}]
2026-09-14 16:47:27 [DEBUG] 토큰 사전계산 validation_Accounting_21           items=1 vision=   987 prompt=  1182 [{'w': 409, 'h': 183, 'resized_w': 1504, 'resized_h': 672, 'tokens': 987}]
2026-09-14 16:47:27 [DEBUG] 토큰 사전계산 validation_Accounting_22           items=1 vision=  1029 prompt=  1168 [{'w': 406, 'h': 166, 'resized_w': 1568, 'resized_h': 672, 'tokens': 1029}]
2026-09-14 16:47:27 [DEBUG] 토큰 사전계산 validation_Accounting_23           items=1 vision=  1008 prompt=  1144 [{'w': 444, 'h': 112, 'resized_w': 2016, 'resized_h': 512, 'tokens': 1008}]
2026-09-14 16:47:27 [DEBUG] 토큰 사전계산 validation_Accounting_24           items=1 vision=  1040 prompt=  1236 [{'w': 592, 'h': 139, 'resized_w': 2080, 'resized_h': 512, 'tokens': 1040}]
2026-09-14 16:47:27 [DEBUG] 토큰 사전계산 validation_Accounting_25           items=1 vision=  1024 prompt=  1159 [{'w': 505, 'h': 121, 'resized_w': 2048, 'resized_h': 512, 'tokens': 1024}]
2026-09-14 16:47:27 [DEBUG] 토큰 사전계산 validation_Accounting_26           items=1 vision=  1015 prompt=  1246 [{'w': 741, 'h': 619, 'resized_w': 1120, 'resized_h': 928, 'tokens': 1015}]
2026-09-14 16:47:27 [DEBUG] 토큰 사전계산 validation_Accounting_27           items=1 vision=  1034 prompt=  1155 [{'w': 820, 'h': 370, 'resized_w': 1504, 'resized_h': 704, 'tokens': 1034}]
2026-09-14 16:47:27 [DEBUG] 토큰 사전계산 validation_Accounting_28           items=1 vision=   987 prompt=  1180 [{'w': 736, 'h': 328, 'resized_w': 1504, 'resized_h': 672, 'tokens': 987}]
2026-09-14 16:47:27 [DEBUG] 토큰 사전계산 validation_Accounting_29           items=1 vision=  1056 prompt=  1191 [{'w': 445, 'h': 103, 'resized_w': 2112, 'resized_h': 512, 'tokens': 1056}]
2026-09-14 16:47:27 [DEBUG] 토큰 사전계산 validation_Accounting_30           items=1 vision=  1014 prompt=  1125 [{'w': 286, 'h': 187, 'resized_w': 1248, 'resized_h': 832, 'tokens': 1014}]
2026-09-14 16:47:27 [DEBUG] 토큰 사전계산 validation_Agriculture_1           items=1 vision=  3876 prompt=  3976 [{'w': 2560, 'h': 2133, 'resized_w': 2176, 'resized_h': 1824, 'tokens': 3876}]
2026-09-14 16:47:27 [DEBUG] 토큰 사전계산 validation_Agriculture_2           items=1 vision=  1134 prompt=  1274 [{'w': 1350, 'h': 868, 'resized_w': 1344, 'resized_h': 864, 'tokens': 1134}]
2026-09-14 16:47:27 [DEBUG] 토큰 사전계산 validation_Agriculture_3           items=1 vision=  3072 prompt=  3195 [{'w': 2048, 'h': 1536, 'resized_w': 2048, 'resized_h': 1536, 'tokens': 3072}]
2026-09-14 16:47:27 [DEBUG] 토큰 사전계산 validation_Agriculture_4           items=1 vision=  3888 prompt=  4009 [{'w': 1920, 'h': 2560, 'resized_w': 1728, 'resized_h': 2304, 'tokens': 3888}]
2026-09-14 16:47:27 [DEBUG] 토큰 사전계산 validation_Agriculture_5           items=1 vision=  1014 prompt=  1132 [{'w': 768, 'h': 512, 'resized_w': 1248, 'resized_h': 832, 'tokens': 1014}]
2026-09-14 16:47:27 [DEBUG] 토큰 사전계산 validation_Agriculture_6           items=1 vision=  1036 prompt=  1151 [{'w': 280, 'h': 210, 'resized_w': 1184, 'resized_h': 896, 'tokens': 1036}]
2026-09-14 16:47:27 [DEBUG] 토큰 사전계산 validation_Agriculture_7           items=1 vision=  1036 prompt=  1190 [{'w': 800, 'h': 600, 'resized_w': 1184, 'resized_h': 896, 'tokens': 1036}]
2026-09-14 16:47:27 [DEBUG] 토큰 사전계산 validation_Agriculture_8           items=1 vision=  3888 prompt=  4034 [{'w': 1920, 'h': 2560, 'resized_w': 1728, 'resized_h': 2304, 'tokens': 3888}]
2026-09-14 16:47:27 [DEBUG] 토큰 사전계산 validation_Agriculture_9           items=1 vision=  3888 prompt=  4056 [{'w': 1920, 'h': 2560, 'resized_w': 1728, 'resized_h': 2304, 'tokens': 3888}]
2026-09-14 16:47:27 [DEBUG] 토큰 사전계산 validation_Agriculture_10          items=1 vision=  1036 prompt=  1159 [{'w': 320, 'h': 240, 'resized_w': 1184, 'resized_h': 896, 'tokens': 1036}]
2026-09-14 16:47:27 [DEBUG] 토큰 사전계산 validation_Agriculture_11          items=1 vision=  3876 prompt=  3976 [{'w': 1708, 'h': 2560, 'resized_w': 1632, 'resized_h': 2432, 'tokens': 3876}]
2026-09-14 16:47:27 [DEBUG] 토큰 사전계산 validation_Agriculture_12          items=1 vision=  1024 prompt=  1144 [{'w': 782, 'h': 776, 'resized_w': 1024, 'resized_h': 1024, 'tokens': 1024}]
2026-09-14 16:47:27 [DEBUG] 토큰 사전계산 validation_Agriculture_13          items=1 vision=  3888 prompt=  4075 [{'w': 1920, 'h': 2560, 'resized_w': 1728, 'resized_h': 2304, 'tokens': 3888}]
2026-09-14 16:47:27 [DEBUG] 토큰 사전계산 validation_Agriculture_14          items=1 vision=  3888 prompt=  4014 [{'w': 2560, 'h': 1920, 'resized_w': 2304, 'resized_h': 1728, 'tokens': 3888}]
2026-09-14 16:47:27 [DEBUG] 토큰 사전계산 validation_Agriculture_15          items=1 vision=  3876 prompt=  4015 [{'w': 2560, 'h': 1707, 'resized_w': 2432, 'resized_h': 1632, 'tokens': 3876}]
2026-09-14 16:47:27 [DEBUG] 토큰 사전계산 validation_Agriculture_16          items=1 vision=  1900 prompt=  2021 [{'w': 1600, 'h': 1200, 'resized_w': 1600, 'resized_h': 1216, 'tokens': 1900}]
2026-09-14 16:47:27 [DEBUG] 토큰 사전계산 validation_Agriculture_17          items=1 vision=  3072 prompt=  3202 [{'w': 2048, 'h': 1536, 'resized_w': 2048, 'resized_h': 1536, 'tokens': 3072}]
2026-09-14 16:47:27 [DEBUG] 토큰 사전계산 validation_Agriculture_18          items=1 vision=  3072 prompt=  3197 [{'w': 2048, 'h': 1536, 'resized_w': 2048, 'resized_h': 1536, 'tokens': 3072}]
2026-09-14 16:47:27 [DEBUG] 토큰 사전계산 validation_Agriculture_19          items=1 vision=  1900 prompt=  2061 [{'w': 1600, 'h': 1200, 'resized_w': 1600, 'resized_h': 1216, 'tokens': 1900}]
2026-09-14 16:47:27 [DEBUG] 토큰 사전계산 validation_Agriculture_20          items=1 vision=  3819 prompt=  3963 [{'w': 2492, 'h': 2124, 'resized_w': 2144, 'resized_h': 1824, 'tokens': 3819}]
2026-09-14 16:47:27 [DEBUG] 토큰 사전계산 validation_Agriculture_21          items=1 vision=  1014 prompt=  1109 [{'w': 668, 'h': 446, 'resized_w': 1248, 'resized_h': 832, 'tokens': 1014}]
2026-09-14 16:47:27 [DEBUG] 토큰 사전계산 validation_Agriculture_22          items=1 vision=  3869 prompt=  4002 [{'w': 1852, 'h': 2560, 'resized_w': 1696, 'resized_h': 2336, 'tokens': 3869}]
2026-09-14 16:47:27 [DEBUG] 토큰 사전계산 validation_Agriculture_23          items=1 vision=  1900 prompt=  2088 [{'w': 1200, 'h': 1600, 'resized_w': 1216, 'resized_h': 1600, 'tokens': 1900}]
2026-09-14 16:47:27 [DEBUG] 토큰 사전계산 validation_Agriculture_24          items=1 vision=  3888 prompt=  4030 [{'w': 2560, 'h': 1920, 'resized_w': 2304, 'resized_h': 1728, 'tokens': 3888}]
2026-09-14 16:47:27 [DEBUG] 토큰 사전계산 validation_Agriculture_25          items=1 vision=   999 prompt=  1125 [{'w': 1145, 'h': 821, 'resized_w': 1184, 'resized_h': 864, 'tokens': 999}]
2026-09-14 16:47:27 [DEBUG] 토큰 사전계산 validation_Agriculture_26          items=1 vision=  1020 prompt=  1175 [{'w': 414, 'h': 365, 'resized_w': 1088, 'resized_h': 960, 'tokens': 1020}]
2026-09-14 16:47:27 [DEBUG] 토큰 사전계산 validation_Agriculture_27          items=1 vision=  1036 prompt=  1228 [{'w': 1000, 'h': 750, 'resized_w': 1184, 'resized_h': 896, 'tokens': 1036}]
2026-09-14 16:47:27 [DEBUG] 토큰 사전계산 validation_Agriculture_28          items=1 vision=  3888 prompt=  4062 [{'w': 2560, 'h': 1920, 'resized_w': 2304, 'resized_h': 1728, 'tokens': 3888}]
2026-09-14 16:47:27 [DEBUG] 토큰 사전계산 validation_Agriculture_29          items=1 vision=  3888 prompt=  4005 [{'w': 2560, 'h': 1920, 'resized_w': 2304, 'resized_h': 1728, 'tokens': 3888}]
2026-09-14 16:47:27 [DEBUG] 토큰 사전계산 validation_Agriculture_30          items=1 vision=  3888 prompt=  4050 [{'w': 1920, 'h': 2560, 'resized_w': 1728, 'resized_h': 2304, 'tokens': 3888}]
2026-09-14 16:47:27 [DEBUG] 토큰 사전계산 validation_Architecture_and_Engineering_1 items=1 vision=  1025 prompt=  1217 [{'w': 436, 'h': 261, 'resized_w': 1312, 'resized_h': 800, 'tokens': 1025}]
2026-09-14 16:47:27 [DEBUG] 토큰 사전계산 validation_Architecture_and_Engineering_2 items=1 vision=  1027 prompt=  1226 [{'w': 766, 'h': 123, 'resized_w': 2528, 'resized_h': 416, 'tokens': 1027}]
2026-09-14 16:47:27 [DEBUG] 토큰 사전계산 validation_Architecture_and_Engineering_3 items=1 vision=  1008 prompt=  1305 [{'w': 599, 'h': 191, 'resized_w': 1792, 'resized_h': 576, 'tokens': 1008}]
2026-09-14 16:47:27 [DEBUG] 토큰 사전계산 validation_Architecture_and_Engineering_4 items=1 vision=  1025 prompt=  1276 [{'w': 441, 'h': 268, 'resized_w': 1312, 'resized_h': 800, 'tokens': 1025}]
2026-09-14 16:47:27 [DEBUG] 토큰 사전계산 validation_Architecture_and_Engineering_5 items=1 vision=   990 prompt=  1300 [{'w': 238, 'h': 217, 'resized_w': 1056, 'resized_h': 960, 'tokens': 990}]
2026-09-14 16:47:27 [DEBUG] 토큰 사전계산 validation_Architecture_and_Engineering_6 items=1 vision=  1025 prompt=  1320 [{'w': 614, 'h': 370, 'resized_w': 1312, 'resized_h': 800, 'tokens': 1025}]
2026-09-14 16:47:27 [DEBUG] 토큰 사전계산 validation_Architecture_and_Engineering_7 items=1 vision=   990 prompt=  1142 [{'w': 867, 'h': 198, 'resized_w': 2112, 'resized_h': 480, 'tokens': 990}]
2026-09-14 16:47:27 [DEBUG] 토큰 사전계산 validation_Architecture_and_Engineering_8 items=1 vision=  1040 prompt=  1280 [{'w': 433, 'h': 102, 'resized_w': 2080, 'resized_h': 512, 'tokens': 1040}]
2026-09-14 16:47:27 [DEBUG] 토큰 사전계산 validation_Architecture_and_Engineering_9 items=1 vision=  1044 prompt=  1266 [{'w': 529, 'h': 69, 'resized_w': 2784, 'resized_h': 384, 'tokens': 1044}]
2026-09-14 16:47:27 [DEBUG] 토큰 사전계산 validation_Architecture_and_Engineering_10 items=1 vision=  1008 prompt=  1163 [{'w': 380, 'h': 167, 'resized_w': 1536, 'resized_h': 672, 'tokens': 1008}]
2026-09-14 16:47:27 [DEBUG] 토큰 사전계산 validation_Architecture_and_Engineering_11 items=1 vision=  1035 prompt=  1158 [{'w': 820, 'h': 172, 'resized_w': 2208, 'resized_h': 480, 'tokens': 1035}]
2026-09-14 16:47:27 [DEBUG] 토큰 사전계산 validation_Architecture_and_Engineering_12 items=1 vision=   987 prompt=  1398 [{'w': 774, 'h': 346, 'resized_w': 1504, 'resized_h': 672, 'tokens': 987}]
2026-09-14 16:47:27 [DEBUG] 토큰 사전계산 validation_Architecture_and_Engineering_13 items=1 vision=  1020 prompt=  1176 [{'w': 426, 'h': 382, 'resized_w': 1088, 'resized_h': 960, 'tokens': 1020}]
2026-09-14 16:47:27 [DEBUG] 토큰 사전계산 validation_Architecture_and_Engineering_14 items=1 vision=  1015 prompt=  1115 [{'w': 454, 'h': 369, 'resized_w': 1120, 'resized_h': 928, 'tokens': 1015}]
2026-09-14 16:47:27 [DEBUG] 토큰 사전계산 validation_Architecture_and_Engineering_15 items=1 vision=  1020 prompt=  1208 [{'w': 423, 'h': 366, 'resized_w': 1088, 'resized_h': 960, 'tokens': 1020}]
2026-09-14 16:47:27 [DEBUG] 토큰 사전계산 validation_Architecture_and_Engineering_16 items=1 vision=  1020 prompt=  1156 [{'w': 505, 'h': 195, 'resized_w': 1632, 'resized_h': 640, 'tokens': 1020}]
2026-09-14 16:47:27 [DEBUG] 토큰 사전계산 validation_Architecture_and_Engineering_17 items=1 vision=  1023 prompt=  1249 [{'w': 889, 'h': 101, 'resized_w': 2976, 'resized_h': 352, 'tokens': 1023}]
2026-09-14 16:47:27 [DEBUG] 토큰 사전계산 validation_Architecture_and_Engineering_18 items=1 vision=  1014 prompt=  1225 [{'w': 610, 'h': 100, 'resized_w': 2496, 'resized_h': 416, 'tokens': 1014}]
2026-09-14 16:47:27 [DEBUG] 토큰 사전계산 validation_Architecture_and_Engineering_19 items=1 vision=   986 prompt=  1240 [{'w': 433, 'h': 369, 'resized_w': 1088, 'resized_h': 928, 'tokens': 986}]
2026-09-14 16:47:27 [DEBUG] 토큰 사전계산 validation_Architecture_and_Engineering_20 items=1 vision=  1012 prompt=  1348 [{'w': 461, 'h': 234, 'resized_w': 1408, 'resized_h': 736, 'tokens': 1012}]
2026-09-14 16:47:27 [DEBUG] 토큰 사전계산 validation_Architecture_and_Engineering_21 items=1 vision=  1026 prompt=  1258 [{'w': 346, 'h': 486, 'resized_w': 864, 'resized_h': 1216, 'tokens': 1026}]
2026-09-14 16:47:27 [DEBUG] 토큰 사전계산 validation_Architecture_and_Engineering_22 items=1 vision=  1003 prompt=  1364 [{'w': 529, 'h': 149, 'resized_w': 1888, 'resized_h': 544, 'tokens': 1003}]
2026-09-14 16:47:27 [DEBUG] 토큰 사전계산 validation_Architecture_and_Engineering_23 items=1 vision=  1007 prompt=  1278 [{'w': 538, 'h': 188, 'resized_w': 1696, 'resized_h': 608, 'tokens': 1007}]
2026-09-14 16:47:27 [DEBUG] 토큰 사전계산 validation_Architecture_and_Engineering_24 items=2 vision=  2053 prompt=  2332 [{'w': 723, 'h': 249, 'resized_w': 1728, 'resized_h': 608, 'tokens': 1026}, {'w': 693, 'h': 109, 'resized_w': 2528, 'resized_h': 416, 'tokens': 1027}]
2026-09-14 16:47:27 [DEBUG] 토큰 사전계산 validation_Architecture_and_Engineering_25 items=1 vision=  1020 prompt=  1254 [{'w': 843, 'h': 184, 'resized_w': 2176, 'resized_h': 480, 'tokens': 1020}]
2026-09-14 16:47:27 [DEBUG] 토큰 사전계산 validation_Architecture_and_Engineering_26 items=1 vision=  1023 prompt=  1301 [{'w': 382, 'h': 353, 'resized_w': 1056, 'resized_h': 992, 'tokens': 1023}]
2026-09-14 16:47:27 [DEBUG] 토큰 사전계산 validation_Architecture_and_Engineering_27 items=1 vision=  1000 prompt=  1195 [{'w': 709, 'h': 286, 'resized_w': 1600, 'resized_h': 640, 'tokens': 1000}]
2026-09-14 16:47:27 [DEBUG] 토큰 사전계산 validation_Architecture_and_Engineering_28 items=1 vision=   992 prompt=  1084 [{'w': 70, 'h': 67, 'resized_w': 1024, 'resized_h': 992, 'tokens': 992}]
2026-09-14 16:47:27 [DEBUG] 토큰 사전계산 validation_Architecture_and_Engineering_29 items=1 vision=  1027 prompt=  1214 [{'w': 709, 'h': 113, 'resized_w': 2528, 'resized_h': 416, 'tokens': 1027}]
2026-09-14 16:47:27 [DEBUG] 토큰 사전계산 validation_Architecture_and_Engineering_30 items=1 vision=  1014 prompt=  1378 [{'w': 425, 'h': 282, 'resized_w': 1248, 'resized_h': 832, 'tokens': 1014}]
2026-09-14 16:47:27 [DEBUG] 토큰 사전계산 validation_Art_1                   items=1 vision=  1026 prompt=  1164 [{'w': 654, 'h': 926, 'resized_w': 864, 'resized_h': 1216, 'tokens': 1026}]
2026-09-14 16:47:27 [DEBUG] 토큰 사전계산 validation_Art_2                   items=1 vision=  1000 prompt=  1115 [{'w': 546, 'h': 858, 'resized_w': 800, 'resized_h': 1280, 'tokens': 1000}]
2026-09-14 16:47:27 [DEBUG] 토큰 사전계산 validation_Art_3                   items=1 vision=  1014 prompt=  1130 [{'w': 720, 'h': 1078, 'resized_w': 832, 'resized_h': 1248, 'tokens': 1014}]
2026-09-14 16:47:27 [DEBUG] 토큰 사전계산 validation_Art_4                   items=1 vision=  1008 prompt=  1124 [{'w': 1134, 'h': 648, 'resized_w': 1344, 'resized_h': 768, 'tokens': 1008}]
2026-09-14 16:47:27 [DEBUG] 토큰 사전계산 validation_Art_5                   items=1 vision=  1008 prompt=  1121 [{'w': 842, 'h': 1078, 'resized_w': 896, 'resized_h': 1152, 'tokens': 1008}]
2026-09-14 16:47:27 [DEBUG] 토큰 사전계산 validation_Art_6                   items=1 vision=  1170 prompt=  1283 [{'w': 1454, 'h': 816, 'resized_w': 1440, 'resized_h': 832, 'tokens': 1170}]
2026-09-14 16:47:27 [DEBUG] 토큰 사전계산 validation_Art_7                   items=1 vision=   992 prompt=  1086 [{'w': 738, 'h': 760, 'resized_w': 992, 'resized_h': 1024, 'tokens': 992}]
2026-09-14 16:47:27 [DEBUG] 토큰 사전계산 validation_Art_8                   items=1 vision=  1008 prompt=  1126 [{'w': 610, 'h': 462, 'resized_w': 1152, 'resized_h': 896, 'tokens': 1008}]
2026-09-14 16:47:27 [DEBUG] 토큰 사전계산 validation_Art_9                   items=1 vision=   999 prompt=  1137 [{'w': 588, 'h': 810, 'resized_w': 864, 'resized_h': 1184, 'tokens': 999}]
2026-09-14 16:47:27 [DEBUG] 토큰 사전계산 validation_Art_10                  items=1 vision=  1008 prompt=  1110 [{'w': 436, 'h': 576, 'resized_w': 896, 'resized_h': 1152, 'tokens': 1008}]
2026-09-14 16:47:27 [DEBUG] 토큰 사전계산 validation_Art_11                  items=1 vision=  1015 prompt=  1125 [{'w': 1018, 'h': 860, 'resized_w': 1120, 'resized_h': 928, 'tokens': 1015}]
2026-09-14 16:47:27 [DEBUG] 토큰 사전계산 validation_Art_12                  items=1 vision=  1026 prompt=  1136 [{'w': 682, 'h': 956, 'resized_w': 864, 'resized_h': 1216, 'tokens': 1026}]
2026-09-14 16:47:27 [DEBUG] 토큰 사전계산 validation_Art_13                  items=1 vision=  1008 prompt=  1111 [{'w': 728, 'h': 554, 'resized_w': 1152, 'resized_h': 896, 'tokens': 1008}]
2026-09-14 16:47:27 [DEBUG] 토큰 사전계산 validation_Art_14                  items=1 vision=  1008 prompt=  1112 [{'w': 876, 'h': 1098, 'resized_w': 896, 'resized_h': 1152, 'tokens': 1008}]
2026-09-14 16:47:27 [DEBUG] 토큰 사전계산 validation_Art_15                  items=1 vision=   999 prompt=  1118 [{'w': 696, 'h': 962, 'resized_w': 864, 'resized_h': 1184, 'tokens': 999}]
2026-09-14 16:47:27 [DEBUG] 토큰 사전계산 validation_Art_16                  items=1 vision=   999 prompt=  1104 [{'w': 722, 'h': 522, 'resized_w': 1184, 'resized_h': 864, 'tokens': 999}]
2026-09-14 16:47:27 [DEBUG] 토큰 사전계산 validation_Art_17                  items=1 vision=  1036 prompt=  1154 [{'w': 1004, 'h': 754, 'resized_w': 1184, 'resized_h': 896, 'tokens': 1036}]
2026-09-14 16:47:27 [DEBUG] 토큰 사전계산 validation_Art_18                  items=1 vision=  1014 prompt=  1129 [{'w': 614, 'h': 944, 'resized_w': 832, 'resized_h': 1248, 'tokens': 1014}]
2026-09-14 16:47:27 [DEBUG] 토큰 사전계산 validation_Art_19                  items=1 vision=  1000 prompt=  1112 [{'w': 1090, 'h': 428, 'resized_w': 1600, 'resized_h': 640, 'tokens': 1000}]
2026-09-14 16:47:27 [DEBUG] 토큰 사전계산 validation_Art_20                  items=1 vision=  1102 prompt=  1212 [{'w': 924, 'h': 1200, 'resized_w': 928, 'resized_h': 1216, 'tokens': 1102}]
2026-09-14 16:47:27 [DEBUG] 토큰 사전계산 validation_Art_21                  items=1 vision=  1036 prompt=  1191 [{'w': 744, 'h': 998, 'resized_w': 896, 'resized_h': 1184, 'tokens': 1036}]
2026-09-14 16:47:27 [DEBUG] 토큰 사전계산 validation_Art_22                  items=1 vision=  1012 prompt=  1177 [{'w': 922, 'h': 472, 'resized_w': 1408, 'resized_h': 736, 'tokens': 1012}]
2026-09-14 16:47:27 [DEBUG] 토큰 사전계산 validation_Art_23                  items=1 vision=  1024 prompt=  1127 [{'w': 870, 'h': 864, 'resized_w': 1024, 'resized_h': 1024, 'tokens': 1024}]
2026-09-14 16:47:27 [DEBUG] 토큰 사전계산 validation_Art_24                  items=1 vision=  1026 prompt=  1283 [{'w': 302, 'h': 970, 'resized_w': 576, 'resized_h': 1824, 'tokens': 1026}]
2026-09-14 16:47:27 [DEBUG] 토큰 사전계산 validation_Art_25                  items=1 vision=  1024 prompt=  1126 [{'w': 452, 'h': 452, 'resized_w': 1024, 'resized_h': 1024, 'tokens': 1024}]
2026-09-14 16:47:27 [DEBUG] 토큰 사전계산 validation_Art_26                  items=1 vision=  1025 prompt=  1143 [{'w': 722, 'h': 1194, 'resized_w': 800, 'resized_h': 1312, 'tokens': 1025}]
2026-09-14 16:47:27 [DEBUG] 토큰 사전계산 validation_Art_27                  items=1 vision=  1036 prompt=  1166 [{'w': 822, 'h': 1102, 'resized_w': 896, 'resized_h': 1184, 'tokens': 1036}]
2026-09-14 16:47:27 [DEBUG] 토큰 사전계산 validation_Art_28                  items=1 vision=  1012 prompt=  1116 [{'w': 1220, 'h': 590, 'resized_w': 1472, 'resized_h': 704, 'tokens': 1012}]
2026-09-14 16:47:27 [DEBUG] 토큰 사전계산 validation_Art_29                  items=1 vision=  1015 prompt=  1118 [{'w': 590, 'h': 716, 'resized_w': 928, 'resized_h': 1120, 'tokens': 1015}]
2026-09-14 16:47:27 [DEBUG] 토큰 사전계산 validation_Art_30                  items=1 vision=   999 prompt=  1108 [{'w': 1180, 'h': 878, 'resized_w': 1184, 'resized_h': 864, 'tokens': 999}]
2026-09-14 16:47:27 [DEBUG] 토큰 사전계산 validation_Art_Theory_1            items=2 vision=  2700 prompt=  2822 [{'w': 896, 'h': 1436, 'resized_w': 896, 'resized_h': 1440, 'tokens': 1260}, {'w': 1014, 'h': 1438, 'resized_w': 1024, 'resized_h': 1440, 'tokens': 1440}]
2026-09-14 16:47:27 [DEBUG] 토큰 사전계산 validation_Art_Theory_2            items=1 vision=   990 prompt=  1097 [{'w': 580, 'h': 1180, 'resized_w': 704, 'resized_h': 1440, 'tokens': 990}]
2026-09-14 16:47:27 [DEBUG] 토큰 사전계산 validation_Art_Theory_3            items=1 vision=  1020 prompt=  1157 [{'w': 850, 'h': 971, 'resized_w': 960, 'resized_h': 1088, 'tokens': 1020}]
2026-09-14 16:47:27 [DEBUG] 토큰 사전계산 validation_Art_Theory_4            items=2 vision=  2025 prompt=  2142 [{'w': 568, 'h': 800, 'resized_w': 864, 'resized_h': 1216, 'tokens': 1026}, {'w': 1004, 'h': 742, 'resized_w': 1184, 'resized_h': 864, 'tokens': 999}]
2026-09-14 16:47:27 [DEBUG] 토큰 사전계산 validation_Art_Theory_5            items=1 vision=  1302 prompt=  1446 [{'w': 996, 'h': 1332, 'resized_w': 992, 'resized_h': 1344, 'tokens': 1302}]
2026-09-14 16:47:27 [DEBUG] 토큰 사전계산 validation_Art_Theory_6            items=1 vision=  1015 prompt=  1124 [{'w': 996, 'h': 814, 'resized_w': 1120, 'resized_h': 928, 'tokens': 1015}]
2026-09-14 16:47:27 [DEBUG] 토큰 사전계산 validation_Art_Theory_7            items=1 vision=  1044 prompt=  1162 [{'w': 1147, 'h': 935, 'resized_w': 1152, 'resized_h': 928, 'tokens': 1044}]
2026-09-14 16:47:27 [DEBUG] 토큰 사전계산 validation_Art_Theory_8            items=1 vision=   988 prompt=  1103 [{'w': 794, 'h': 542, 'resized_w': 1216, 'resized_h': 832, 'tokens': 988}]
2026-09-14 16:47:27 [DEBUG] 토큰 사전계산 validation_Art_Theory_9            items=1 vision=  1000 prompt=  1102 [{'w': 266, 'h': 652, 'resized_w': 640, 'resized_h': 1600, 'tokens': 1000}]
2026-09-14 16:47:27 [DEBUG] 토큰 사전계산 validation_Art_Theory_10           items=1 vision=  1014 prompt=  1134 [{'w': 996, 'h': 672, 'resized_w': 1248, 'resized_h': 832, 'tokens': 1014}]
2026-09-14 16:47:27 [DEBUG] 토큰 사전계산 validation_Art_Theory_11           items=2 vision=  2014 prompt=  2117 [{'w': 878, 'h': 608, 'resized_w': 1216, 'resized_h': 864, 'tokens': 1026}, {'w': 864, 'h': 588, 'resized_w': 1216, 'resized_h': 832, 'tokens': 988}]
2026-09-14 16:47:27 [DEBUG] 토큰 사전계산 validation_Art_Theory_12           items=1 vision=  1344 prompt=  1458 [{'w': 1020, 'h': 1345, 'resized_w': 1024, 'resized_h': 1344, 'tokens': 1344}]
2026-09-14 16:47:27 [DEBUG] 토큰 사전계산 validation_Art_Theory_13           items=1 vision=   990 prompt=  1102 [{'w': 580, 'h': 1180, 'resized_w': 704, 'resized_h': 1440, 'tokens': 990}]
2026-09-14 16:47:27 [DEBUG] 토큰 사전계산 validation_Art_Theory_14           items=1 vision=  1000 prompt=  1101 [{'w': 776, 'h': 1242, 'resized_w': 800, 'resized_h': 1280, 'tokens': 1000}]
2026-09-14 16:47:27 [DEBUG] 토큰 사전계산 validation_Art_Theory_15           items=1 vision=  1044 prompt=  1150 [{'w': 1147, 'h': 935, 'resized_w': 1152, 'resized_h': 928, 'tokens': 1044}]
2026-09-14 16:47:27 [DEBUG] 토큰 사전계산 validation_Art_Theory_16           items=2 vision=  2014 prompt=  2121 [{'w': 878, 'h': 608, 'resized_w': 1216, 'resized_h': 864, 'tokens': 1026}, {'w': 864, 'h': 588, 'resized_w': 1216, 'resized_h': 832, 'tokens': 988}]
2026-09-14 16:47:27 [DEBUG] 토큰 사전계산 validation_Art_Theory_17           items=1 vision=  1008 prompt=  1128 [{'w': 1000, 'h': 562, 'resized_w': 1344, 'resized_h': 768, 'tokens': 1008}]
2026-09-14 16:47:27 [DEBUG] 토큰 사전계산 validation_Art_Theory_18           items=1 vision=  1100 prompt=  1243 [{'w': 798, 'h': 1422, 'resized_w': 800, 'resized_h': 1408, 'tokens': 1100}]
2026-09-14 16:47:27 [DEBUG] 토큰 사전계산 validation_Art_Theory_19           items=1 vision=  1015 prompt=  1112 [{'w': 666, 'h': 788, 'resized_w': 928, 'resized_h': 1120, 'tokens': 1015}]
2026-09-14 16:47:27 [DEBUG] 토큰 사전계산 validation_Art_Theory_20           items=1 vision=  1290 prompt=  1394 [{'w': 1376, 'h': 950, 'resized_w': 1376, 'resized_h': 960, 'tokens': 1290}]
2026-09-14 16:47:27 [DEBUG] 토큰 사전계산 validation_Art_Theory_21           items=1 vision=  1036 prompt=  1141 [{'w': 796, 'h': 594, 'resized_w': 1184, 'resized_h': 896, 'tokens': 1036}]
2026-09-14 16:47:27 [DEBUG] 토큰 사전계산 validation_Art_Theory_22           items=1 vision=  1008 prompt=  1110 [{'w': 850, 'h': 1084, 'resized_w': 896, 'resized_h': 1152, 'tokens': 1008}]
2026-09-14 16:47:27 [DEBUG] 토큰 사전계산 validation_Art_Theory_23           items=1 vision=  1008 prompt=  1126 [{'w': 558, 'h': 962, 'resized_w': 768, 'resized_h': 1344, 'tokens': 1008}]
2026-09-14 16:47:27 [DEBUG] 토큰 사전계산 validation_Art_Theory_24           items=1 vision=  1014 prompt=  1136 [{'w': 680, 'h': 1040, 'resized_w': 832, 'resized_h': 1248, 'tokens': 1014}]
2026-09-14 16:47:27 [DEBUG] 토큰 사전계산 validation_Art_Theory_25           items=1 vision=  1015 prompt=  1118 [{'w': 622, 'h': 516, 'resized_w': 1120, 'resized_h': 928, 'tokens': 1015}]
2026-09-14 16:47:27 [DEBUG] 토큰 사전계산 validation_Art_Theory_26           items=1 vision=  1015 prompt=  1113 [{'w': 666, 'h': 788, 'resized_w': 928, 'resized_h': 1120, 'tokens': 1015}]
2026-09-14 16:47:27 [DEBUG] 토큰 사전계산 validation_Art_Theory_27           items=2 vision=  2007 prompt=  2116 [{'w': 966, 'h': 702, 'resized_w': 1184, 'resized_h': 864, 'tokens': 999}, {'w': 520, 'h': 662, 'resized_w': 896, 'resized_h': 1152, 'tokens': 1008}]
2026-09-14 16:47:27 [DEBUG] 토큰 사전계산 validation_Art_Theory_28           items=1 vision=  1620 prompt=  1728 [{'w': 1144, 'h': 1434, 'resized_w': 1152, 'resized_h': 1440, 'tokens': 1620}]
2026-09-14 16:47:27 [DEBUG] 토큰 사전계산 validation_Art_Theory_29           items=1 vision=  1000 prompt=  1101 [{'w': 696, 'h': 436, 'resized_w': 1280, 'resized_h': 800, 'tokens': 1000}]
2026-09-14 16:47:27 [DEBUG] 토큰 사전계산 validation_Art_Theory_30           items=1 vision=  1008 prompt=  1120 [{'w': 996, 'h': 790, 'resized_w': 1152, 'resized_h': 896, 'tokens': 1008}]
2026-09-14 16:47:27 [DEBUG] 토큰 사전계산 validation_Basic_Medical_Science_1 items=1 vision=  1025 prompt=  1152 [{'w': 842, 'h': 502, 'resized_w': 1312, 'resized_h': 800, 'tokens': 1025}]
2026-09-14 16:47:27 [DEBUG] 토큰 사전계산 validation_Basic_Medical_Science_2 items=1 vision=   990 prompt=  1086 [{'w': 590, 'h': 290, 'resized_w': 1440, 'resized_h': 704, 'tokens': 990}]
2026-09-14 16:47:27 [DEBUG] 토큰 사전계산 validation_Basic_Medical_Science_3 items=1 vision=  1014 prompt=  1175 [{'w': 200, 'h': 133, 'resized_w': 1248, 'resized_h': 832, 'tokens': 1014}]
2026-09-14 16:47:27 [DEBUG] 토큰 사전계산 validation_Basic_Medical_Science_4 items=1 vision=   999 prompt=  1139 [{'w': 188, 'h': 260, 'resized_w': 864, 'resized_h': 1184, 'tokens': 999}]
2026-09-14 16:47:27 [DEBUG] 토큰 사전계산 validation_Basic_Medical_Science_5 items=1 vision=  1008 prompt=  1113 [{'w': 379, 'h': 478, 'resized_w': 896, 'resized_h': 1152, 'tokens': 1008}]
2026-09-14 16:47:27 [DEBUG] 토큰 사전계산 validation_Basic_Medical_Science_6 items=1 vision=  1260 prompt=  1442 [{'w': 953, 'h': 1351, 'resized_w': 960, 'resized_h': 1344, 'tokens': 1260}]
2026-09-14 16:47:27 [DEBUG] 토큰 사전계산 validation_Basic_Medical_Science_7 items=1 vision=  1008 prompt=  1218 [{'w': 812, 'h': 262, 'resized_w': 1792, 'resized_h': 576, 'tokens': 1008}]
2026-09-14 16:47:27 [DEBUG] 토큰 사전계산 validation_Basic_Medical_Science_8 items=1 vision=  1008 prompt=  1132 [{'w': 330, 'h': 260, 'resized_w': 1152, 'resized_h': 896, 'tokens': 1008}]
2026-09-14 16:47:27 [DEBUG] 토큰 사전계산 validation_Basic_Medical_Science_9 items=1 vision=  1008 prompt=  1104 [{'w': 472, 'h': 377, 'resized_w': 1152, 'resized_h': 896, 'tokens': 1008}]
2026-09-14 16:47:27 [DEBUG] 토큰 사전계산 validation_Basic_Medical_Science_10 items=1 vision=  1034 prompt=  1084 [{'w': 686, 'h': 316, 'resized_w': 1504, 'resized_h': 704, 'tokens': 1034}]
2026-09-14 16:47:27 [DEBUG] 토큰 사전계산 validation_Basic_Medical_Science_11 items=1 vision=  1036 prompt=  1134 [{'w': 259, 'h': 194, 'resized_w': 1184, 'resized_h': 896, 'tokens': 1036}]
2026-09-14 16:47:27 [DEBUG] 토큰 사전계산 validation_Basic_Medical_Science_12 items=1 vision=   992 prompt=  1110 [{'w': 251, 'h': 260, 'resized_w': 992, 'resized_h': 1024, 'tokens': 992}]
2026-09-14 16:47:27 [DEBUG] 토큰 사전계산 validation_Basic_Medical_Science_13 items=1 vision=  1008 prompt=  1114 [{'w': 330, 'h': 260, 'resized_w': 1152, 'resized_h': 896, 'tokens': 1008}]
2026-09-14 16:47:27 [DEBUG] 토큰 사전계산 validation_Basic_Medical_Science_14 items=1 vision=  1008 prompt=  1057 [{'w': 1276, 'h': 544, 'resized_w': 1536, 'resized_h': 672, 'tokens': 1008}]
2026-09-14 16:47:27 [DEBUG] 토큰 사전계산 validation_Basic_Medical_Science_15 items=1 vision=  1008 prompt=  1117 [{'w': 330, 'h': 260, 'resized_w': 1152, 'resized_h': 896, 'tokens': 1008}]
2026-09-14 16:47:27 [DEBUG] 토큰 사전계산 validation_Basic_Medical_Science_16 items=1 vision=  1008 prompt=  1106 [{'w': 330, 'h': 260, 'resized_w': 1152, 'resized_h': 896, 'tokens': 1008}]
2026-09-14 16:47:27 [DEBUG] 토큰 사전계산 validation_Basic_Medical_Science_17 items=1 vision=  1000 prompt=  1097 [{'w': 497, 'h': 315, 'resized_w': 1280, 'resized_h': 800, 'tokens': 1000}]
2026-09-14 16:47:27 [DEBUG] 토큰 사전계산 validation_Basic_Medical_Science_18 items=1 vision=  1036 prompt=  1143 [{'w': 689, 'h': 520, 'resized_w': 1184, 'resized_h': 896, 'tokens': 1036}]
2026-09-14 16:47:27 [DEBUG] 토큰 사전계산 validation_Basic_Medical_Science_19 items=1 vision=  1008 prompt=  1108 [{'w': 330, 'h': 260, 'resized_w': 1152, 'resized_h': 896, 'tokens': 1008}]
2026-09-14 16:47:27 [DEBUG] 토큰 사전계산 validation_Basic_Medical_Science_20 items=1 vision=   999 prompt=  1101 [{'w': 193, 'h': 260, 'resized_w': 864, 'resized_h': 1184, 'tokens': 999}]
2026-09-14 16:47:27 [DEBUG] 토큰 사전계산 validation_Basic_Medical_Science_21 items=1 vision=  1008 prompt=  1115 [{'w': 330, 'h': 260, 'resized_w': 1152, 'resized_h': 896, 'tokens': 1008}]
2026-09-14 16:47:27 [DEBUG] 토큰 사전계산 validation_Basic_Medical_Science_22 items=1 vision=  1012 prompt=  1104 [{'w': 798, 'h': 422, 'resized_w': 1408, 'resized_h': 736, 'tokens': 1012}]
2026-09-14 16:47:27 [DEBUG] 토큰 사전계산 validation_Basic_Medical_Science_23 items=1 vision=  1008 prompt=  1119 [{'w': 200, 'h': 153, 'resized_w': 1152, 'resized_h': 896, 'tokens': 1008}]
2026-09-14 16:47:27 [DEBUG] 토큰 사전계산 validation_Basic_Medical_Science_24 items=1 vision=   992 prompt=  1150 [{'w': 428, 'h': 446, 'resized_w': 992, 'resized_h': 1024, 'tokens': 992}]
2026-09-14 16:47:27 [DEBUG] 토큰 사전계산 validation_Basic_Medical_Science_25 items=1 vision=  1008 prompt=  1124 [{'w': 330, 'h': 260, 'resized_w': 1152, 'resized_h': 896, 'tokens': 1008}]
2026-09-14 16:47:27 [DEBUG] 토큰 사전계산 validation_Basic_Medical_Science_26 items=1 vision=   990 prompt=  1078 [{'w': 170, 'h': 186, 'resized_w': 960, 'resized_h': 1056, 'tokens': 990}]
2026-09-14 16:47:27 [DEBUG] 토큰 사전계산 validation_Basic_Medical_Science_27 items=1 vision=  1008 prompt=  1119 [{'w': 330, 'h': 260, 'resized_w': 1152, 'resized_h': 896, 'tokens': 1008}]
2026-09-14 16:47:27 [DEBUG] 토큰 사전계산 validation_Basic_Medical_Science_28 items=1 vision=  1008 prompt=  1126 [{'w': 330, 'h': 260, 'resized_w': 1152, 'resized_h': 896, 'tokens': 1008}]
2026-09-14 16:47:27 [DEBUG] 토큰 사전계산 validation_Basic_Medical_Science_29 items=1 vision=   992 prompt=  1255 [{'w': 828, 'h': 796, 'resized_w': 1024, 'resized_h': 992, 'tokens': 992}]
2026-09-14 16:47:27 [DEBUG] 토큰 사전계산 validation_Basic_Medical_Science_30 items=1 vision=  1008 prompt=  1130 [{'w': 330, 'h': 260, 'resized_w': 1152, 'resized_h': 896, 'tokens': 1008}]
2026-09-14 16:47:27 [DEBUG] 토큰 사전계산 validation_Biology_1               items=1 vision=  1044 prompt=  1161 [{'w': 1150, 'h': 928, 'resized_w': 1152, 'resized_h': 928, 'tokens': 1044}]
2026-09-14 16:47:27 [DEBUG] 토큰 사전계산 validation_Biology_2               items=1 vision=  1029 prompt=  1147 [{'w': 658, 'h': 272, 'resized_w': 1568, 'resized_h': 672, 'tokens': 1029}]
2026-09-14 16:47:27 [DEBUG] 토큰 사전계산 validation_Biology_3               items=1 vision=   989 prompt=  1089 [{'w': 852, 'h': 455, 'resized_w': 1376, 'resized_h': 736, 'tokens': 989}]
2026-09-14 16:47:27 [DEBUG] 토큰 사전계산 validation_Biology_4               items=1 vision=  1008 prompt=  1127 [{'w': 524, 'h': 167, 'resized_w': 1792, 'resized_h': 576, 'tokens': 1008}]
2026-09-14 16:47:27 [DEBUG] 토큰 사전계산 validation_Biology_5               items=1 vision=  1023 prompt=  1126 [{'w': 482, 'h': 520, 'resized_w': 992, 'resized_h': 1056, 'tokens': 1023}]
2026-09-14 16:47:27 [DEBUG] 토큰 사전계산 validation_Biology_6               items=1 vision=   990 prompt=  1111 [{'w': 355, 'h': 174, 'resized_w': 1440, 'resized_h': 704, 'tokens': 990}]
2026-09-14 16:47:27 [DEBUG] 토큰 사전계산 validation_Biology_7               items=1 vision=  1014 prompt=  1143 [{'w': 1004, 'h': 648, 'resized_w': 1248, 'resized_h': 832, 'tokens': 1014}]
2026-09-14 16:47:27 [DEBUG] 토큰 사전계산 validation_Biology_8               items=1 vision=  1015 prompt=  1247 [{'w': 672, 'h': 558, 'resized_w': 1120, 'resized_h': 928, 'tokens': 1015}]
2026-09-14 16:47:27 [DEBUG] 토큰 사전계산 validation_Biology_9               items=1 vision=  1596 prompt=  1784 [{'w': 1342, 'h': 1220, 'resized_w': 1344, 'resized_h': 1216, 'tokens': 1596}]
2026-09-14 16:47:27 [DEBUG] 토큰 사전계산 validation_Biology_10              items=1 vision=  1036 prompt=  1130 [{'w': 279, 'h': 209, 'resized_w': 1184, 'resized_h': 896, 'tokens': 1036}]
2026-09-14 16:47:27 [DEBUG] 토큰 사전계산 validation_Biology_11              items=1 vision=   990 prompt=  1100 [{'w': 378, 'h': 347, 'resized_w': 1056, 'resized_h': 960, 'tokens': 990}]
2026-09-14 16:47:27 [DEBUG] 토큰 사전계산 validation_Biology_12              items=1 vision=  1029 prompt=  1314 [{'w': 307, 'h': 748, 'resized_w': 672, 'resized_h': 1568, 'tokens': 1029}]
2026-09-14 16:47:27 [DEBUG] 토큰 사전계산 validation_Biology_13              items=1 vision=  1316 prompt=  1539 [{'w': 1504, 'h': 880, 'resized_w': 1504, 'resized_h': 896, 'tokens': 1316}]
2026-09-14 16:47:27 [DEBUG] 토큰 사전계산 validation_Biology_14              items=1 vision=  1015 prompt=  1276 [{'w': 185, 'h': 151, 'resized_w': 1120, 'resized_h': 928, 'tokens': 1015}]
2026-09-14 16:47:27 [DEBUG] 토큰 사전계산 validation_Biology_15              items=1 vision=  1008 prompt=  1106 [{'w': 846, 'h': 364, 'resized_w': 1536, 'resized_h': 672, 'tokens': 1008}]
2026-09-14 16:47:27 [DEBUG] 토큰 사전계산 validation_Biology_16              items=1 vision=  1025 prompt=  1158 [{'w': 627, 'h': 369, 'resized_w': 1312, 'resized_h': 800, 'tokens': 1025}]
2026-09-14 16:47:27 [DEBUG] 토큰 사전계산 validation_Biology_17              items=1 vision=   999 prompt=  1118 [{'w': 310, 'h': 429, 'resized_w': 864, 'resized_h': 1184, 'tokens': 999}]
2026-09-14 16:47:27 [DEBUG] 토큰 사전계산 validation_Biology_18              items=1 vision=  1026 prompt=  1252 [{'w': 427, 'h': 301, 'resized_w': 1216, 'resized_h': 864, 'tokens': 1026}]
2026-09-14 16:47:27 [DEBUG] 토큰 사전계산 validation_Biology_19              items=1 vision=  2146 prompt=  2260 [{'w': 2364, 'h': 940, 'resized_w': 2368, 'resized_h': 928, 'tokens': 2146}]
2026-09-14 16:47:27 [DEBUG] 토큰 사전계산 validation_Biology_20              items=1 vision=   986 prompt=  1215 [{'w': 493, 'h': 579, 'resized_w': 928, 'resized_h': 1088, 'tokens': 986}]
2026-09-14 16:47:27 [DEBUG] 토큰 사전계산 validation_Biology_21              items=1 vision=  1020 prompt=  1151 [{'w': 998, 'h': 882, 'resized_w': 1088, 'resized_h': 960, 'tokens': 1020}]
2026-09-14 16:47:27 [DEBUG] 토큰 사전계산 validation_Biology_22              items=1 vision=  1224 prompt=  1347 [{'w': 1138, 'h': 1094, 'resized_w': 1152, 'resized_h': 1088, 'tokens': 1224}]
2026-09-14 16:47:27 [DEBUG] 토큰 사전계산 validation_Biology_23              items=1 vision=  1122 prompt=  1240 [{'w': 1083, 'h': 1062, 'resized_w': 1088, 'resized_h': 1056, 'tokens': 1122}]
2026-09-14 16:47:27 [DEBUG] 토큰 사전계산 validation_Biology_24              items=3 vision=  3094 prompt=  3192 [{'w': 728, 'h': 196, 'resized_w': 1952, 'resized_h': 544, 'tokens': 1037}, {'w': 746, 'h': 204, 'resized_w': 1920, 'resized_h': 544, 'tokens': 1020}, {'w': 744, 'h': 196, 'resized_w': 1952, 'resized_h': 544, 'tokens': 1037}]
2026-09-14 16:47:27 [DEBUG] 토큰 사전계산 validation_Biology_25              items=1 vision=  1032 prompt=  1215 [{'w': 1134, 'h': 618, 'resized_w': 1376, 'resized_h': 768, 'tokens': 1032}]
2026-09-14 16:47:27 [DEBUG] 토큰 사전계산 validation_Biology_26              items=1 vision=  2256 prompt=  2510 [{'w': 1518, 'h': 1522, 'resized_w': 1504, 'resized_h': 1536, 'tokens': 2256}]
2026-09-14 16:47:27 [DEBUG] 토큰 사전계산 validation_Biology_27              items=1 vision=  1035 prompt=  1214 [{'w': 1148, 'h': 568, 'resized_w': 1440, 'resized_h': 736, 'tokens': 1035}]
2026-09-14 16:47:27 [DEBUG] 토큰 사전계산 validation_Biology_28              items=1 vision=  1056 prompt=  1177 [{'w': 1030, 'h': 1060, 'resized_w': 1024, 'resized_h': 1056, 'tokens': 1056}]
2026-09-14 16:47:27 [DEBUG] 토큰 사전계산 validation_Biology_29              items=5 vision=  5061 prompt=  5174 [{'w': 774, 'h': 320, 'resized_w': 1568, 'resized_h': 672, 'tokens': 1029}, {'w': 766, 'h': 316, 'resized_w': 1568, 'resized_h': 672, 'tokens': 1029}, {'w': 696, 'h': 414, 'resized_w': 1312, 'resized_h': 800, 'tokens': 1025}, {'w': 614, 'h': 330, 'resized_w': 1376, 'resized_h': 736, 'tokens': 989}, {'w': 614, 'h': 326, 'resized_w': 1376, 'resized_h': 736, 'tokens': 989}]
2026-09-14 16:47:27 [DEBUG] 토큰 사전계산 validation_Biology_30              items=1 vision=  1012 prompt=  1185 [{'w': 1018, 'h': 480, 'resized_w': 1472, 'resized_h': 704, 'tokens': 1012}]
2026-09-14 16:47:27 [DEBUG] 토큰 사전계산 validation_Chemistry_1             items=1 vision=  1022 prompt=  1147 [{'w': 826, 'h': 154, 'resized_w': 2336, 'resized_h': 448, 'tokens': 1022}]
2026-09-14 16:47:27 [DEBUG] 토큰 사전계산 validation_Chemistry_2             items=1 vision=  1035 prompt=  1244 [{'w': 208, 'h': 43, 'resized_w': 2208, 'resized_h': 480, 'tokens': 1035}]
2026-09-14 16:47:27 [DEBUG] 토큰 사전계산 validation_Chemistry_3             items=1 vision=  1008 prompt=  1122 [{'w': 258, 'h': 148, 'resized_w': 1344, 'resized_h': 768, 'tokens': 1008}]
2026-09-14 16:47:27 [DEBUG] 토큰 사전계산 validation_Chemistry_4             items=1 vision=   999 prompt=  1055 [{'w': 244, 'h': 178, 'resized_w': 1184, 'resized_h': 864, 'tokens': 999}]
2026-09-14 16:47:27 [DEBUG] 토큰 사전계산 validation_Chemistry_5             items=1 vision=  1020 prompt=  1148 [{'w': 144, 'h': 124, 'resized_w': 1088, 'resized_h': 960, 'tokens': 1020}]
2026-09-14 16:47:27 [DEBUG] 토큰 사전계산 validation_Chemistry_6             items=1 vision=  1015 prompt=  1138 [{'w': 868, 'h': 728, 'resized_w': 1120, 'resized_h': 928, 'tokens': 1015}]
2026-09-14 16:47:27 [DEBUG] 토큰 사전계산 validation_Chemistry_7             items=1 vision=  1012 prompt=  1122 [{'w': 178, 'h': 85, 'resized_w': 1472, 'resized_h': 704, 'tokens': 1012}]
2026-09-14 16:47:27 [DEBUG] 토큰 사전계산 validation_Chemistry_8             items=1 vision=  1008 prompt=  1134 [{'w': 170, 'h': 298, 'resized_w': 768, 'resized_h': 1344, 'tokens': 1008}]
2026-09-14 16:47:27 [DEBUG] 토큰 사전계산 validation_Chemistry_9             items=1 vision=  1005 prompt=  1166 [{'w': 512, 'h': 114, 'resized_w': 2144, 'resized_h': 480, 'tokens': 1005}]
2026-09-14 16:47:27 [DEBUG] 토큰 사전계산 validation_Chemistry_10            items=2 vision=  2013 prompt=  2287 [{'w': 660, 'h': 614, 'resized_w': 1056, 'resized_h': 992, 'tokens': 1023}, {'w': 600, 'h': 198, 'resized_w': 1760, 'resized_h': 576, 'tokens': 990}]
2026-09-14 16:47:27 [DEBUG] 토큰 사전계산 validation_Chemistry_11            items=1 vision=   999 prompt=  1166 [{'w': 950, 'h': 706, 'resized_w': 1184, 'resized_h': 864, 'tokens': 999}]
2026-09-14 16:47:27 [DEBUG] 토큰 사전계산 validation_Chemistry_12            items=5 vision=  5079 prompt=  5191 [{'w': 133, 'h': 151, 'resized_w': 960, 'resized_h': 1088, 'tokens': 1020}, {'w': 160, 'h': 153, 'resized_w': 1056, 'resized_h': 992, 'tokens': 1023}, {'w': 172, 'h': 156, 'resized_w': 1056, 'resized_h': 960, 'tokens': 990}, {'w': 162, 'h': 151, 'resized_w': 1056, 'resized_h': 992, 'tokens': 1023}, {'w': 166, 'h': 153, 'resized_w': 1056, 'resized_h': 992, 'tokens': 1023}]
2026-09-14 16:47:27 [DEBUG] 토큰 사전계산 validation_Chemistry_13            items=1 vision=  1012 prompt=  1137 [{'w': 772, 'h': 368, 'resized_w': 1472, 'resized_h': 704, 'tokens': 1012}]
2026-09-14 16:47:27 [DEBUG] 토큰 사전계산 validation_Chemistry_14            items=1 vision=  1026 prompt=  1137 [{'w': 340, 'h': 238, 'resized_w': 1216, 'resized_h': 864, 'tokens': 1026}]
2026-09-14 16:47:27 [DEBUG] 토큰 사전계산 validation_Chemistry_15            items=1 vision=  1015 prompt=  1260 [{'w': 486, 'h': 396, 'resized_w': 1120, 'resized_h': 928, 'tokens': 1015}]
2026-09-14 16:47:27 [DEBUG] 토큰 사전계산 validation_Chemistry_16            items=1 vision=  1023 prompt=  1177 [{'w': 155, 'h': 144, 'resized_w': 1056, 'resized_h': 992, 'tokens': 1023}]
2026-09-14 16:47:27 [DEBUG] 토큰 사전계산 validation_Chemistry_17            items=1 vision=   992 prompt=  1111 [{'w': 643, 'h': 166, 'resized_w': 1984, 'resized_h': 512, 'tokens': 992}]
2026-09-14 16:47:27 [DEBUG] 토큰 사전계산 validation_Chemistry_18            items=2 vision=  2069 prompt=  2378 [{'w': 580, 'h': 572, 'resized_w': 1024, 'resized_h': 1024, 'tokens': 1024}, {'w': 708, 'h': 236, 'resized_w': 1760, 'resized_h': 608, 'tokens': 1045}]
2026-09-14 16:47:27 [DEBUG] 토큰 사전계산 validation_Chemistry_19            items=1 vision=   999 prompt=  1065 [{'w': 384, 'h': 522, 'resized_w': 864, 'resized_h': 1184, 'tokens': 999}]
2026-09-14 16:47:27 [DEBUG] 토큰 사전계산 validation_Chemistry_20            items=1 vision=  1008 prompt=  1061 [{'w': 340, 'h': 266, 'resized_w': 1152, 'resized_h': 896, 'tokens': 1008}]
2026-09-14 16:47:27 [DEBUG] 토큰 사전계산 validation_Chemistry_21            items=1 vision=  1008 prompt=  1195 [{'w': 494, 'h': 286, 'resized_w': 1344, 'resized_h': 768, 'tokens': 1008}]
2026-09-14 16:47:27 [DEBUG] 토큰 사전계산 validation_Chemistry_22            items=1 vision=  1000 prompt=  1155 [{'w': 658, 'h': 410, 'resized_w': 1280, 'resized_h': 800, 'tokens': 1000}]
2026-09-14 16:47:27 [DEBUG] 토큰 사전계산 validation_Chemistry_23            items=1 vision=  1008 prompt=  1227 [{'w': 628, 'h': 484, 'resized_w': 1152, 'resized_h': 896, 'tokens': 1008}]
2026-09-14 16:47:27 [DEBUG] 토큰 사전계산 validation_Chemistry_24            items=1 vision=  1050 prompt=  1204 [{'w': 708, 'h': 124, 'resized_w': 2400, 'resized_h': 448, 'tokens': 1050}]
2026-09-14 16:47:27 [DEBUG] 토큰 사전계산 validation_Chemistry_25            items=1 vision=  1045 prompt=  1130 [{'w': 656, 'h': 220, 'resized_w': 1760, 'resized_h': 608, 'tokens': 1045}]
2026-09-14 16:47:27 [DEBUG] 토큰 사전계산 validation_Chemistry_26            items=4 vision=  4092 prompt=  4205 [{'w': 471, 'h': 102, 'resized_w': 2176, 'resized_h': 480, 'tokens': 1020}, {'w': 288, 'h': 130, 'resized_w': 1504, 'resized_h': 704, 'tokens': 1034}, {'w': 349, 'h': 118, 'resized_w': 1728, 'resized_h': 608, 'tokens': 1026}, {'w': 313, 'h': 165, 'resized_w': 1408, 'resized_h': 736, 'tokens': 1012}]
2026-09-14 16:47:27 [DEBUG] 토큰 사전계산 validation_Chemistry_27            items=1 vision=  1024 prompt=  1165 [{'w': 342, 'h': 338, 'resized_w': 1024, 'resized_h': 1024, 'tokens': 1024}]
2026-09-14 16:47:27 [DEBUG] 토큰 사전계산 validation_Chemistry_28            items=1 vision=  1000 prompt=  1176 [{'w': 271, 'h': 172, 'resized_w': 1280, 'resized_h': 800, 'tokens': 1000}]
2026-09-14 16:47:27 [DEBUG] 토큰 사전계산 validation_Chemistry_29            items=4 vision=  4054 prompt=  4158 [{'w': 199, 'h': 64, 'resized_w': 1792, 'resized_h': 576, 'tokens': 1008}, {'w': 189, 'h': 64, 'resized_w': 1728, 'resized_h': 608, 'tokens': 1026}, {'w': 175, 'h': 69, 'resized_w': 1600, 'resized_h': 640, 'tokens': 1000}, {'w': 172, 'h': 66, 'resized_w': 1632, 'resized_h': 640, 'tokens': 1020}]
2026-09-14 16:47:27 [DEBUG] 토큰 사전계산 validation_Chemistry_30            items=1 vision=  1025 prompt=  1106 [{'w': 188, 'h': 112, 'resized_w': 1312, 'resized_h': 800, 'tokens': 1025}]
2026-09-14 16:47:27 [DEBUG] 토큰 사전계산 validation_Clinical_Medicine_1     items=1 vision=  1014 prompt=  1225 [{'w': 504, 'h': 330, 'resized_w': 1248, 'resized_h': 832, 'tokens': 1014}]
2026-09-14 16:47:27 [DEBUG] 토큰 사전계산 validation_Clinical_Medicine_2     items=1 vision=  1035 prompt=  1155 [{'w': 1262, 'h': 634, 'resized_w': 1440, 'resized_h': 736, 'tokens': 1035}]
2026-09-14 16:47:27 [DEBUG] 토큰 사전계산 validation_Clinical_Medicine_3     items=1 vision=  1480 prompt=  1584 [{'w': 1192, 'h': 1276, 'resized_w': 1184, 'resized_h': 1280, 'tokens': 1480}]
2026-09-14 16:47:27 [DEBUG] 토큰 사전계산 validation_Clinical_Medicine_4     items=1 vision=  1190 prompt=  1326 [{'w': 1113, 'h': 1093, 'resized_w': 1120, 'resized_h': 1088, 'tokens': 1190}]
2026-09-14 16:47:27 [DEBUG] 토큰 사전계산 validation_Clinical_Medicine_5     items=1 vision=  1015 prompt=  1128 [{'w': 288, 'h': 240, 'resized_w': 1120, 'resized_h': 928, 'tokens': 1015}]
2026-09-14 16:47:27 [DEBUG] 토큰 사전계산 validation_Clinical_Medicine_6     items=1 vision=  1014 prompt=  1204 [{'w': 504, 'h': 331, 'resized_w': 1248, 'resized_h': 832, 'tokens': 1014}]
2026-09-14 16:47:27 [DEBUG] 토큰 사전계산 validation_Clinical_Medicine_7     items=1 vision=  1014 prompt=  1244 [{'w': 504, 'h': 331, 'resized_w': 1248, 'resized_h': 832, 'tokens': 1014}]
2026-09-14 16:47:27 [DEBUG] 토큰 사전계산 validation_Clinical_Medicine_8     items=1 vision=  1014 prompt=  1247 [{'w': 504, 'h': 332, 'resized_w': 1248, 'resized_h': 832, 'tokens': 1014}]
2026-09-14 16:47:27 [DEBUG] 토큰 사전계산 validation_Clinical_Medicine_9     items=1 vision=  1014 prompt=  1158 [{'w': 525, 'h': 776, 'resized_w': 832, 'resized_h': 1248, 'tokens': 1014}]
2026-09-14 16:47:27 [DEBUG] 토큰 사전계산 validation_Clinical_Medicine_10    items=1 vision=  1014 prompt=  1184 [{'w': 316, 'h': 467, 'resized_w': 832, 'resized_h': 1248, 'tokens': 1014}]
2026-09-14 16:47:27 [DEBUG] 토큰 사전계산 validation_Clinical_Medicine_11    items=1 vision=  1020 prompt=  1138 [{'w': 686, 'h': 610, 'resized_w': 1088, 'resized_h': 960, 'tokens': 1020}]
2026-09-14 16:47:27 [DEBUG] 토큰 사전계산 validation_Clinical_Medicine_12    items=1 vision=  1014 prompt=  1203 [{'w': 504, 'h': 335, 'resized_w': 1248, 'resized_h': 832, 'tokens': 1014}]
2026-09-14 16:47:27 [DEBUG] 토큰 사전계산 validation_Clinical_Medicine_13    items=3 vision=  3072 prompt=  3209 [{'w': 590, 'h': 590, 'resized_w': 1024, 'resized_h': 1024, 'tokens': 1024}, {'w': 598, 'h': 590, 'resized_w': 1024, 'resized_h': 1024, 'tokens': 1024}, {'w': 578, 'h': 572, 'resized_w': 1024, 'resized_h': 1024, 'tokens': 1024}]
2026-09-14 16:47:27 [DEBUG] 토큰 사전계산 validation_Clinical_Medicine_14    items=1 vision=  1008 prompt=  1176 [{'w': 302, 'h': 382, 'resized_w': 896, 'resized_h': 1152, 'tokens': 1008}]
2026-09-14 16:47:27 [DEBUG] 토큰 사전계산 validation_Clinical_Medicine_15    items=1 vision=  1008 prompt=  1117 [{'w': 136, 'h': 240, 'resized_w': 768, 'resized_h': 1344, 'tokens': 1008}]
2026-09-14 16:47:27 [DEBUG] 토큰 사전계산 validation_Clinical_Medicine_16    items=1 vision=  1014 prompt=  1195 [{'w': 316, 'h': 482, 'resized_w': 832, 'resized_h': 1248, 'tokens': 1014}]
2026-09-14 16:47:27 [DEBUG] 토큰 사전계산 validation_Clinical_Medicine_17    items=1 vision=  1014 prompt=  1221 [{'w': 504, 'h': 331, 'resized_w': 1248, 'resized_h': 832, 'tokens': 1014}]
2026-09-14 16:47:27 [DEBUG] 토큰 사전계산 validation_Clinical_Medicine_18    items=1 vision=  1022 prompt=  1162 [{'w': 2024, 'h': 374, 'resized_w': 2336, 'resized_h': 448, 'tokens': 1022}]
2026-09-14 16:47:27 [DEBUG] 토큰 사전계산 validation_Clinical_Medicine_19    items=1 vision=  1014 prompt=  1191 [{'w': 504, 'h': 332, 'resized_w': 1248, 'resized_h': 832, 'tokens': 1014}]
2026-09-14 16:47:27 [DEBUG] 토큰 사전계산 validation_Clinical_Medicine_20    items=1 vision=  1014 prompt=  1152 [{'w': 1962, 'h': 322, 'resized_w': 2496, 'resized_h': 416, 'tokens': 1014}]
2026-09-14 16:47:27 [DEBUG] 토큰 사전계산 validation_Clinical_Medicine_21    items=1 vision=  1015 prompt=  1144 [{'w': 292, 'h': 240, 'resized_w': 1120, 'resized_h': 928, 'tokens': 1015}]
2026-09-14 16:47:27 [DEBUG] 토큰 사전계산 validation_Clinical_Medicine_22    items=1 vision=  1014 prompt=  1186 [{'w': 504, 'h': 330, 'resized_w': 1248, 'resized_h': 832, 'tokens': 1014}]
2026-09-14 16:47:27 [DEBUG] 토큰 사전계산 validation_Clinical_Medicine_23    items=1 vision=  1020 prompt=  1128 [{'w': 970, 'h': 1084, 'resized_w': 960, 'resized_h': 1088, 'tokens': 1020}]
2026-09-14 16:47:27 [DEBUG] 토큰 사전계산 validation_Clinical_Medicine_24    items=1 vision=  1014 prompt=  1132 [{'w': 322, 'h': 480, 'resized_w': 832, 'resized_h': 1248, 'tokens': 1014}]
2026-09-14 16:47:27 [DEBUG] 토큰 사전계산 validation_Clinical_Medicine_25    items=1 vision=  1014 prompt=  1236 [{'w': 504, 'h': 331, 'resized_w': 1248, 'resized_h': 832, 'tokens': 1014}]
2026-09-14 16:47:27 [DEBUG] 토큰 사전계산 validation_Clinical_Medicine_26    items=1 vision=  1015 prompt=  1119 [{'w': 290, 'h': 240, 'resized_w': 1120, 'resized_h': 928, 'tokens': 1015}]
2026-09-14 16:47:27 [DEBUG] 토큰 사전계산 validation_Clinical_Medicine_27    items=1 vision=  1014 prompt=  1196 [{'w': 504, 'h': 332, 'resized_w': 1248, 'resized_h': 832, 'tokens': 1014}]
2026-09-14 16:47:27 [DEBUG] 토큰 사전계산 validation_Clinical_Medicine_28    items=1 vision=  1014 prompt=  1195 [{'w': 504, 'h': 336, 'resized_w': 1248, 'resized_h': 832, 'tokens': 1014}]
2026-09-14 16:47:27 [DEBUG] 토큰 사전계산 validation_Clinical_Medicine_29    items=1 vision=  1036 prompt=  1153 [{'w': 525, 'h': 393, 'resized_w': 1184, 'resized_h': 896, 'tokens': 1036}]
2026-09-14 16:47:27 [DEBUG] 토큰 사전계산 validation_Clinical_Medicine_30    items=1 vision=  1014 prompt=  1176 [{'w': 504, 'h': 331, 'resized_w': 1248, 'resized_h': 832, 'tokens': 1014}]
2026-09-14 16:47:27 [DEBUG] 토큰 사전계산 validation_Computer_Science_1      items=1 vision=   988 prompt=  1105 [{'w': 492, 'h': 720, 'resized_w': 832, 'resized_h': 1216, 'tokens': 988}]
2026-09-14 16:47:27 [DEBUG] 토큰 사전계산 validation_Computer_Science_2      items=1 vision=  1015 prompt=  1157 [{'w': 262, 'h': 222, 'resized_w': 1120, 'resized_h': 928, 'tokens': 1015}]
2026-09-14 16:47:27 [DEBUG] 토큰 사전계산 validation_Computer_Science_3      items=1 vision=  1475 prompt=  1620 [{'w': 1882, 'h': 814, 'resized_w': 1888, 'resized_h': 800, 'tokens': 1475}]
2026-09-14 16:47:27 [DEBUG] 토큰 사전계산 validation_Computer_Science_4      items=1 vision=   990 prompt=  1080 [{'w': 771, 'h': 377, 'resized_w': 1440, 'resized_h': 704, 'tokens': 990}]
2026-09-14 16:47:27 [DEBUG] 토큰 사전계산 validation_Computer_Science_5      items=1 vision=   996 prompt=  1110 [{'w': 1094, 'h': 156, 'resized_w': 2656, 'resized_h': 384, 'tokens': 996}]
2026-09-14 16:47:27 [DEBUG] 토큰 사전계산 validation_Computer_Science_6      items=1 vision=  1025 prompt=  1152 [{'w': 495, 'h': 300, 'resized_w': 1312, 'resized_h': 800, 'tokens': 1025}]
2026-09-14 16:47:27 [DEBUG] 토큰 사전계산 validation_Computer_Science_7      items=1 vision=  1008 prompt=  1252 [{'w': 129, 'h': 222, 'resized_w': 768, 'resized_h': 1344, 'tokens': 1008}]
2026-09-14 16:47:27 [DEBUG] 토큰 사전계산 validation_Computer_Science_8      items=1 vision=  1012 prompt=  1120 [{'w': 400, 'h': 186, 'resized_w': 1472, 'resized_h': 704, 'tokens': 1012}]
2026-09-14 16:47:27 [DEBUG] 토큰 사전계산 validation_Computer_Science_9      items=1 vision=  1023 prompt=  1197 [{'w': 746, 'h': 707, 'resized_w': 1056, 'resized_h': 992, 'tokens': 1023}]
2026-09-14 16:47:27 [DEBUG] 토큰 사전계산 validation_Computer_Science_10     items=1 vision=  1015 prompt=  1133 [{'w': 177, 'h': 146, 'resized_w': 1120, 'resized_h': 928, 'tokens': 1015}]
2026-09-14 16:47:27 [DEBUG] 토큰 사전계산 validation_Computer_Science_11     items=4 vision=  4058 prompt=  4171 [{'w': 148, 'h': 97, 'resized_w': 1248, 'resized_h': 832, 'tokens': 1014}, {'w': 163, 'h': 94, 'resized_w': 1344, 'resized_h': 768, 'tokens': 1008}, {'w': 128, 'h': 96, 'resized_w': 1184, 'resized_h': 896, 'tokens': 1036}, {'w': 147, 'h': 93, 'resized_w': 1280, 'resized_h': 800, 'tokens': 1000}]
2026-09-14 16:47:27 [DEBUG] 토큰 사전계산 validation_Computer_Science_12     items=1 vision=  1029 prompt=  1233 [{'w': 508, 'h': 213, 'resized_w': 1568, 'resized_h': 672, 'tokens': 1029}]
2026-09-14 16:47:27 [DEBUG] 토큰 사전계산 validation_Computer_Science_13     items=1 vision=  1014 prompt=  1213 [{'w': 579, 'h': 381, 'resized_w': 1248, 'resized_h': 832, 'tokens': 1014}]
2026-09-14 16:47:27 [DEBUG] 토큰 사전계산 validation_Computer_Science_14     items=1 vision=  1026 prompt=  1157 [{'w': 504, 'h': 348, 'resized_w': 1216, 'resized_h': 864, 'tokens': 1026}]
2026-09-14 16:47:27 [DEBUG] 토큰 사전계산 validation_Computer_Science_15     items=1 vision=  1073 prompt=  1189 [{'w': 1172, 'h': 924, 'resized_w': 1184, 'resized_h': 928, 'tokens': 1073}]
2026-09-14 16:47:27 [DEBUG] 토큰 사전계산 validation_Computer_Science_16     items=1 vision=  1025 prompt=  1225 [{'w': 324, 'h': 548, 'resized_w': 800, 'resized_h': 1312, 'tokens': 1025}]
2026-09-14 16:47:27 [DEBUG] 토큰 사전계산 validation_Computer_Science_17     items=1 vision=   992 prompt=  1085 [{'w': 348, 'h': 341, 'resized_w': 1024, 'resized_h': 992, 'tokens': 992}]
2026-09-14 16:47:27 [DEBUG] 토큰 사전계산 validation_Computer_Science_18     items=1 vision=  1014 prompt=  1188 [{'w': 232, 'h': 157, 'resized_w': 1248, 'resized_h': 832, 'tokens': 1014}]
2026-09-14 16:47:27 [DEBUG] 토큰 사전계산 validation_Computer_Science_19     items=1 vision=  1034 prompt=  1212 [{'w': 608, 'h': 277, 'resized_w': 1504, 'resized_h': 704, 'tokens': 1034}]
2026-09-14 16:47:27 [DEBUG] 토큰 사전계산 validation_Computer_Science_20     items=1 vision=  1680 prompt=  1782 [{'w': 1548, 'h': 1118, 'resized_w': 1536, 'resized_h': 1120, 'tokens': 1680}]
2026-09-14 16:47:27 [DEBUG] 토큰 사전계산 validation_Computer_Science_21     items=1 vision=  1026 prompt=  1139 [{'w': 778, 'h': 553, 'resized_w': 1216, 'resized_h': 864, 'tokens': 1026}]
2026-09-14 16:47:27 [DEBUG] 토큰 사전계산 validation_Computer_Science_22     items=1 vision=  1008 prompt=  1122 [{'w': 604, 'h': 478, 'resized_w': 1152, 'resized_h': 896, 'tokens': 1008}]
2026-09-14 16:47:27 [DEBUG] 토큰 사전계산 validation_Computer_Science_23     items=1 vision=  1008 prompt=  1219 [{'w': 1142, 'h': 361, 'resized_w': 1792, 'resized_h': 576, 'tokens': 1008}]
2026-09-14 16:47:27 [DEBUG] 토큰 사전계산 validation_Computer_Science_24     items=1 vision=  2256 prompt=  2382 [{'w': 1500, 'h': 1524, 'resized_w': 1504, 'resized_h': 1536, 'tokens': 2256}]
2026-09-14 16:47:27 [DEBUG] 토큰 사전계산 validation_Computer_Science_25     items=1 vision=   999 prompt=  1117 [{'w': 389, 'h': 280, 'resized_w': 1184, 'resized_h': 864, 'tokens': 999}]
2026-09-14 16:47:27 [DEBUG] 토큰 사전계산 validation_Computer_Science_26     items=1 vision=   990 prompt=  1238 [{'w': 734, 'h': 666, 'resized_w': 1056, 'resized_h': 960, 'tokens': 990}]
2026-09-14 16:47:27 [DEBUG] 토큰 사전계산 validation_Computer_Science_27     items=1 vision=  1008 prompt=  1233 [{'w': 320, 'h': 252, 'resized_w': 1152, 'resized_h': 896, 'tokens': 1008}]
2026-09-14 16:47:27 [DEBUG] 토큰 사전계산 validation_Computer_Science_28     items=2 vision=  2026 prompt=  2238 [{'w': 432, 'h': 780, 'resized_w': 768, 'resized_h': 1376, 'tokens': 1032}, {'w': 377, 'h': 75, 'resized_w': 2272, 'resized_h': 448, 'tokens': 994}]
2026-09-14 16:47:27 [DEBUG] 토큰 사전계산 validation_Computer_Science_29     items=1 vision=  1014 prompt=  1157 [{'w': 496, 'h': 328, 'resized_w': 1248, 'resized_h': 832, 'tokens': 1014}]
2026-09-14 16:47:27 [DEBUG] 토큰 사전계산 validation_Computer_Science_30     items=1 vision=  1015 prompt=  1165 [{'w': 714, 'h': 590, 'resized_w': 1120, 'resized_h': 928, 'tokens': 1015}]
2026-09-14 16:47:27 [DEBUG] 토큰 사전계산 validation_Design_1                items=1 vision=   999 prompt=  1115 [{'w': 524, 'h': 714, 'resized_w': 864, 'resized_h': 1184, 'tokens': 999}]
2026-09-14 16:47:27 [DEBUG] 토큰 사전계산 validation_Design_2                items=1 vision=  1015 prompt=  1174 [{'w': 240, 'h': 200, 'resized_w': 1120, 'resized_h': 928, 'tokens': 1015}]
2026-09-14 16:47:27 [DEBUG] 토큰 사전계산 validation_Design_3                items=1 vision=  1008 prompt=  1120 [{'w': 236, 'h': 301, 'resized_w': 896, 'resized_h': 1152, 'tokens': 1008}]
2026-09-14 16:47:27 [DEBUG] 토큰 사전계산 validation_Design_4                items=1 vision=  1260 prompt=  1405 [{'w': 1126, 'h': 1146, 'resized_w': 1120, 'resized_h': 1152, 'tokens': 1260}]
2026-09-14 16:47:27 [DEBUG] 토큰 사전계산 validation_Design_5                items=1 vision=  1026 prompt=  1136 [{'w': 732, 'h': 1024, 'resized_w': 864, 'resized_h': 1216, 'tokens': 1026}]
2026-09-14 16:47:27 [DEBUG] 토큰 사전계산 validation_Design_6                items=1 vision=  1036 prompt=  1152 [{'w': 500, 'h': 377, 'resized_w': 1184, 'resized_h': 896, 'tokens': 1036}]
2026-09-14 16:47:27 [DEBUG] 토큰 사전계산 validation_Design_7                items=1 vision=  1032 prompt=  1143 [{'w': 166, 'h': 303, 'resized_w': 768, 'resized_h': 1376, 'tokens': 1032}]
2026-09-14 16:47:27 [DEBUG] 토큰 사전계산 validation_Design_8                items=1 vision=  1200 prompt=  1309 [{'w': 1294, 'h': 946, 'resized_w': 1280, 'resized_h': 960, 'tokens': 1200}]
2026-09-14 16:47:27 [DEBUG] 토큰 사전계산 validation_Design_9                items=1 vision=  1073 prompt=  1179 [{'w': 1176, 'h': 940, 'resized_w': 1184, 'resized_h': 928, 'tokens': 1073}]
2026-09-14 16:47:27 [DEBUG] 토큰 사전계산 validation_Design_10               items=1 vision=  1036 prompt=  1137 [{'w': 595, 'h': 789, 'resized_w': 896, 'resized_h': 1184, 'tokens': 1036}]
2026-09-14 16:47:27 [DEBUG] 토큰 사전계산 validation_Design_11               items=1 vision=  1015 prompt=  1141 [{'w': 813, 'h': 1000, 'resized_w': 928, 'resized_h': 1120, 'tokens': 1015}]
2026-09-14 16:47:27 [DEBUG] 토큰 사전계산 validation_Design_12               items=1 vision=   980 prompt=  1082 [{'w': 500, 'h': 400, 'resized_w': 1120, 'resized_h': 896, 'tokens': 980}]
2026-09-14 16:47:27 [DEBUG] 토큰 사전계산 validation_Design_13               items=1 vision=  1008 prompt=  1142 [{'w': 500, 'h': 278, 'resized_w': 1344, 'resized_h': 768, 'tokens': 1008}]
2026-09-14 16:47:27 [DEBUG] 토큰 사전계산 validation_Design_14               items=1 vision=   999 prompt=  1120 [{'w': 712, 'h': 964, 'resized_w': 864, 'resized_h': 1184, 'tokens': 999}]
2026-09-14 16:47:27 [DEBUG] 토큰 사전계산 validation_Design_15               items=1 vision=  1200 prompt=  1303 [{'w': 1294, 'h': 946, 'resized_w': 1280, 'resized_h': 960, 'tokens': 1200}]
2026-09-14 16:47:27 [DEBUG] 토큰 사전계산 validation_Design_16               items=1 vision=  1023 prompt=  1132 [{'w': 500, 'h': 464, 'resized_w': 1056, 'resized_h': 992, 'tokens': 1023}]
2026-09-14 16:47:27 [DEBUG] 토큰 사전계산 validation_Design_17               items=1 vision=  1024 prompt=  1145 [{'w': 712, 'h': 710, 'resized_w': 1024, 'resized_h': 1024, 'tokens': 1024}]
2026-09-14 16:47:27 [DEBUG] 토큰 사전계산 validation_Design_18               items=1 vision=  1036 prompt=  1161 [{'w': 998, 'h': 752, 'resized_w': 1184, 'resized_h': 896, 'tokens': 1036}]
2026-09-14 16:47:27 [DEBUG] 토큰 사전계산 validation_Design_19               items=1 vision=  1015 prompt=  1115 [{'w': 490, 'h': 600, 'resized_w': 928, 'resized_h': 1120, 'tokens': 1015}]
2026-09-14 16:47:27 [DEBUG] 토큰 사전계산 validation_Design_20               items=1 vision=  1012 prompt=  1151 [{'w': 500, 'h': 260, 'resized_w': 1408, 'resized_h': 736, 'tokens': 1012}]
2026-09-14 16:47:27 [DEBUG] 토큰 사전계산 validation_Design_21               items=1 vision=  1014 prompt=  1142 [{'w': 332, 'h': 500, 'resized_w': 832, 'resized_h': 1248, 'tokens': 1014}]
2026-09-14 16:47:27 [DEBUG] 토큰 사전계산 validation_Design_22               items=1 vision=  1014 prompt=  1129 [{'w': 400, 'h': 260, 'resized_w': 1248, 'resized_h': 832, 'tokens': 1014}]
2026-09-14 16:47:27 [DEBUG] 토큰 사전계산 validation_Design_23               items=1 vision=  1014 prompt=  1126 [{'w': 1157, 'h': 749, 'resized_w': 1248, 'resized_h': 832, 'tokens': 1014}]
2026-09-14 16:47:27 [DEBUG] 토큰 사전계산 validation_Design_24               items=1 vision=  1026 prompt=  1161 [{'w': 500, 'h': 351, 'resized_w': 1216, 'resized_h': 864, 'tokens': 1026}]
2026-09-14 16:47:27 [DEBUG] 토큰 사전계산 validation_Design_25               items=1 vision=  1014 prompt=  1118 [{'w': 309, 'h': 459, 'resized_w': 832, 'resized_h': 1248, 'tokens': 1014}]
2026-09-14 16:47:27 [DEBUG] 토큰 사전계산 validation_Design_26               items=1 vision=   992 prompt=  1115 [{'w': 320, 'h': 310, 'resized_w': 1024, 'resized_h': 992, 'tokens': 992}]
2026-09-14 16:47:27 [DEBUG] 토큰 사전계산 validation_Design_27               items=1 vision=  1014 prompt=  1116 [{'w': 857, 'h': 576, 'resized_w': 1248, 'resized_h': 832, 'tokens': 1014}]
2026-09-14 16:47:27 [DEBUG] 토큰 사전계산 validation_Design_28               items=1 vision=  1020 prompt=  1122 [{'w': 785, 'h': 701, 'resized_w': 1088, 'resized_h': 960, 'tokens': 1020}]
2026-09-14 16:47:27 [DEBUG] 토큰 사전계산 validation_Design_29               items=1 vision=  1015 prompt=  1143 [{'w': 819, 'h': 687, 'resized_w': 1120, 'resized_h': 928, 'tokens': 1015}]
2026-09-14 16:47:27 [DEBUG] 토큰 사전계산 validation_Design_30               items=1 vision=  1014 prompt=  1119 [{'w': 476, 'h': 718, 'resized_w': 832, 'resized_h': 1248, 'tokens': 1014}]
2026-09-14 16:47:27 [DEBUG] 토큰 사전계산 validation_Diagnostics_and_Laboratory_Medicine_1 items=1 vision=  2900 prompt=  3061 [{'w': 1852, 'h': 1604, 'resized_w': 1856, 'resized_h': 1600, 'tokens': 2900}]
2026-09-14 16:47:27 [DEBUG] 토큰 사전계산 validation_Diagnostics_and_Laboratory_Medicine_2 items=1 vision=  1000 prompt=  1123 [{'w': 200, 'h': 81, 'resized_w': 1600, 'resized_h': 640, 'tokens': 1000}]
2026-09-14 16:47:27 [DEBUG] 토큰 사전계산 validation_Diagnostics_and_Laboratory_Medicine_3 items=1 vision=  2950 prompt=  3117 [{'w': 1880, 'h': 1604, 'resized_w': 1888, 'resized_h': 1600, 'tokens': 2950}]
2026-09-14 16:47:27 [DEBUG] 토큰 사전계산 validation_Diagnostics_and_Laboratory_Medicine_4 items=1 vision=   992 prompt=  1103 [{'w': 682, 'h': 664, 'resized_w': 1024, 'resized_h': 992, 'tokens': 992}]
2026-09-14 16:47:27 [DEBUG] 토큰 사전계산 validation_Diagnostics_and_Laboratory_Medicine_5 items=1 vision=  1026 prompt=  1145 [{'w': 688, 'h': 482, 'resized_w': 1216, 'resized_h': 864, 'tokens': 1026}]
2026-09-14 16:47:27 [DEBUG] 토큰 사전계산 validation_Diagnostics_and_Laboratory_Medicine_6 items=1 vision=  1008 prompt=  1197 [{'w': 732, 'h': 584, 'resized_w': 1152, 'resized_h': 896, 'tokens': 1008}]
2026-09-14 16:47:27 [DEBUG] 토큰 사전계산 validation_Diagnostics_and_Laboratory_Medicine_7 items=1 vision=  2880 prompt=  3028 [{'w': 1916, 'h': 1548, 'resized_w': 1920, 'resized_h': 1536, 'tokens': 2880}]
2026-09-14 16:47:27 [DEBUG] 토큰 사전계산 validation_Diagnostics_and_Laboratory_Medicine_8 items=1 vision=  1008 prompt=  1146 [{'w': 200, 'h': 157, 'resized_w': 1152, 'resized_h': 896, 'tokens': 1008}]
2026-09-14 16:47:27 [DEBUG] 토큰 사전계산 validation_Diagnostics_and_Laboratory_Medicine_9 items=1 vision=  2880 prompt=  3006 [{'w': 1914, 'h': 1548, 'resized_w': 1920, 'resized_h': 1536, 'tokens': 2880}]
2026-09-14 16:47:27 [DEBUG] 토큰 사전계산 validation_Diagnostics_and_Laboratory_Medicine_10 items=1 vision=  2950 prompt=  3092 [{'w': 1880, 'h': 1604, 'resized_w': 1888, 'resized_h': 1600, 'tokens': 2950}]
2026-09-14 16:47:27 [DEBUG] 토큰 사전계산 validation_Diagnostics_and_Laboratory_Medicine_11 items=1 vision=  1036 prompt=  1151 [{'w': 810, 'h': 1088, 'resized_w': 896, 'resized_h': 1184, 'tokens': 1036}]
2026-09-14 16:47:27 [DEBUG] 토큰 사전계산 validation_Diagnostics_and_Laboratory_Medicine_12 items=1 vision=  1026 prompt=  1141 [{'w': 200, 'h': 143, 'resized_w': 1216, 'resized_h': 864, 'tokens': 1026}]
2026-09-14 16:47:27 [DEBUG] 토큰 사전계산 validation_Diagnostics_and_Laboratory_Medicine_13 items=1 vision=   999 prompt=  1116 [{'w': 1054, 'h': 780, 'resized_w': 1184, 'resized_h': 864, 'tokens': 999}]
2026-09-14 16:47:27 [DEBUG] 토큰 사전계산 validation_Diagnostics_and_Laboratory_Medicine_14 items=1 vision=  2880 prompt=  2987 [{'w': 1914, 'h': 1548, 'resized_w': 1920, 'resized_h': 1536, 'tokens': 2880}]
2026-09-14 16:47:27 [DEBUG] 토큰 사전계산 validation_Diagnostics_and_Laboratory_Medicine_15 items=1 vision=  1014 prompt=  1141 [{'w': 782, 'h': 520, 'resized_w': 1248, 'resized_h': 832, 'tokens': 1014}]
2026-09-14 16:47:27 [DEBUG] 토큰 사전계산 validation_Diagnostics_and_Laboratory_Medicine_16 items=2 vision=  2007 prompt=  2208 [{'w': 382, 'h': 470, 'resized_w': 928, 'resized_h': 1120, 'tokens': 1015}, {'w': 494, 'h': 478, 'resized_w': 1024, 'resized_h': 992, 'tokens': 992}]
2026-09-14 16:47:27 [DEBUG] 토큰 사전계산 validation_Diagnostics_and_Laboratory_Medicine_17 items=1 vision=  1007 prompt=  1117 [{'w': 1040, 'h': 372, 'resized_w': 1696, 'resized_h': 608, 'tokens': 1007}]
2026-09-14 16:47:27 [DEBUG] 토큰 사전계산 validation_Diagnostics_and_Laboratory_Medicine_18 items=1 vision=  1020 prompt=  1149 [{'w': 930, 'h': 800, 'resized_w': 1088, 'resized_h': 960, 'tokens': 1020}]
2026-09-14 16:47:27 [DEBUG] 토큰 사전계산 validation_Diagnostics_and_Laboratory_Medicine_19 items=1 vision=  2950 prompt=  3116 [{'w': 1880, 'h': 1604, 'resized_w': 1888, 'resized_h': 1600, 'tokens': 2950}]
2026-09-14 16:47:27 [DEBUG] 토큰 사전계산 validation_Diagnostics_and_Laboratory_Medicine_20 items=1 vision=  2950 prompt=  3099 [{'w': 1880, 'h': 1604, 'resized_w': 1888, 'resized_h': 1600, 'tokens': 2950}]
2026-09-14 16:47:27 [DEBUG] 토큰 사전계산 validation_Diagnostics_and_Laboratory_Medicine_21 items=1 vision=  1032 prompt=  1152 [{'w': 200, 'h': 109, 'resized_w': 1376, 'resized_h': 768, 'tokens': 1032}]
2026-09-14 16:47:27 [DEBUG] 토큰 사전계산 validation_Diagnostics_and_Laboratory_Medicine_22 items=1 vision=  1014 prompt=  1128 [{'w': 518, 'h': 350, 'resized_w': 1248, 'resized_h': 832, 'tokens': 1014}]
2026-09-14 16:47:27 [DEBUG] 토큰 사전계산 validation_Diagnostics_and_Laboratory_Medicine_23 items=1 vision=  1012 prompt=  1125 [{'w': 200, 'h': 93, 'resized_w': 1472, 'resized_h': 704, 'tokens': 1012}]
2026-09-14 16:47:27 [DEBUG] 토큰 사전계산 validation_Diagnostics_and_Laboratory_Medicine_24 items=1 vision=  2950 prompt=  3076 [{'w': 1880, 'h': 1604, 'resized_w': 1888, 'resized_h': 1600, 'tokens': 2950}]
2026-09-14 16:47:27 [DEBUG] 토큰 사전계산 validation_Diagnostics_and_Laboratory_Medicine_25 items=1 vision=  2950 prompt=  3041 [{'w': 1880, 'h': 1604, 'resized_w': 1888, 'resized_h': 1600, 'tokens': 2950}]
2026-09-14 16:47:27 [DEBUG] 토큰 사전계산 validation_Diagnostics_and_Laboratory_Medicine_26 items=1 vision=  1040 prompt=  1168 [{'w': 1472, 'h': 346, 'resized_w': 2080, 'resized_h': 512, 'tokens': 1040}]
2026-09-14 16:47:27 [DEBUG] 토큰 사전계산 validation_Diagnostics_and_Laboratory_Medicine_27 items=1 vision=  1020 prompt=  1158 [{'w': 746, 'h': 866, 'resized_w': 960, 'resized_h': 1088, 'tokens': 1020}]
2026-09-14 16:47:27 [DEBUG] 토큰 사전계산 validation_Diagnostics_and_Laboratory_Medicine_28 items=1 vision=  1024 prompt=  1143 [{'w': 658, 'h': 652, 'resized_w': 1024, 'resized_h': 1024, 'tokens': 1024}]
2026-09-14 16:47:27 [DEBUG] 토큰 사전계산 validation_Diagnostics_and_Laboratory_Medicine_29 items=1 vision=  1008 prompt=  1141 [{'w': 486, 'h': 385, 'resized_w': 1152, 'resized_h': 896, 'tokens': 1008}]
2026-09-14 16:47:27 [DEBUG] 토큰 사전계산 validation_Diagnostics_and_Laboratory_Medicine_30 items=1 vision=  2880 prompt=  3027 [{'w': 1916, 'h': 1548, 'resized_w': 1920, 'resized_h': 1536, 'tokens': 2880}]
2026-09-14 16:47:27 [DEBUG] 토큰 사전계산 validation_Economics_1             items=1 vision=   990 prompt=  1127 [{'w': 475, 'h': 154, 'resized_w': 1760, 'resized_h': 576, 'tokens': 990}]
2026-09-14 16:47:27 [DEBUG] 토큰 사전계산 validation_Economics_2             items=1 vision=  1025 prompt=  1189 [{'w': 1189, 'h': 724, 'resized_w': 1312, 'resized_h': 800, 'tokens': 1025}]
2026-09-14 16:47:27 [DEBUG] 토큰 사전계산 validation_Economics_3             items=1 vision=  1026 prompt=  1236 [{'w': 1228, 'h': 379, 'resized_w': 1824, 'resized_h': 576, 'tokens': 1026}]
2026-09-14 16:47:27 [DEBUG] 토큰 사전계산 validation_Economics_4             items=1 vision=  1008 prompt=  1116 [{'w': 595, 'h': 457, 'resized_w': 1152, 'resized_h': 896, 'tokens': 1008}]
2026-09-14 16:47:27 [DEBUG] 토큰 사전계산 validation_Economics_5             items=1 vision=  1015 prompt=  1135 [{'w': 442, 'h': 358, 'resized_w': 1120, 'resized_h': 928, 'tokens': 1015}]
2026-09-14 16:47:27 [DEBUG] 토큰 사전계산 validation_Economics_6             items=1 vision=  1044 prompt=  1192 [{'w': 955, 'h': 283, 'resized_w': 1856, 'resized_h': 576, 'tokens': 1044}]
2026-09-14 16:47:27 [DEBUG] 토큰 사전계산 validation_Economics_7             items=1 vision=  1023 prompt=  1154 [{'w': 497, 'h': 474, 'resized_w': 1056, 'resized_h': 992, 'tokens': 1023}]
2026-09-14 16:47:27 [DEBUG] 토큰 사전계산 validation_Economics_8             items=1 vision=  1015 prompt=  1135 [{'w': 511, 'h': 430, 'resized_w': 1120, 'resized_h': 928, 'tokens': 1015}]
2026-09-14 16:47:27 [DEBUG] 토큰 사전계산 validation_Economics_9             items=1 vision=  1023 prompt=  1131 [{'w': 697, 'h': 652, 'resized_w': 1056, 'resized_h': 992, 'tokens': 1023}]
2026-09-14 16:47:27 [DEBUG] 토큰 사전계산 validation_Economics_10            items=1 vision=  1012 prompt=  1135 [{'w': 555, 'h': 293, 'resized_w': 1408, 'resized_h': 736, 'tokens': 1012}]
2026-09-14 16:47:27 [DEBUG] 토큰 사전계산 validation_Economics_11            items=1 vision=  1036 prompt=  1170 [{'w': 427, 'h': 322, 'resized_w': 1184, 'resized_h': 896, 'tokens': 1036}]
2026-09-14 16:47:27 [DEBUG] 토큰 사전계산 validation_Economics_12            items=1 vision=  1000 prompt=  1110 [{'w': 625, 'h': 396, 'resized_w': 1280, 'resized_h': 800, 'tokens': 1000}]
2026-09-14 16:47:27 [DEBUG] 토큰 사전계산 validation_Economics_13            items=1 vision=   990 prompt=  1176 [{'w': 478, 'h': 156, 'resized_w': 1760, 'resized_h': 576, 'tokens': 990}]
2026-09-14 16:47:27 [DEBUG] 토큰 사전계산 validation_Economics_14            items=2 vision=  2060 prompt=  2248 [{'w': 517, 'h': 142, 'resized_w': 1920, 'resized_h': 544, 'tokens': 1020}, {'w': 365, 'h': 233, 'resized_w': 1280, 'resized_h': 832, 'tokens': 1040}]
2026-09-14 16:47:27 [DEBUG] 토큰 사전계산 validation_Economics_15            items=1 vision=  1023 prompt=  1171 [{'w': 497, 'h': 472, 'resized_w': 1056, 'resized_h': 992, 'tokens': 1023}]
2026-09-14 16:47:27 [DEBUG] 토큰 사전계산 validation_Economics_16            items=1 vision=  1000 prompt=  1162 [{'w': 695, 'h': 278, 'resized_w': 1600, 'resized_h': 640, 'tokens': 1000}]
2026-09-14 16:47:27 [DEBUG] 토큰 사전계산 validation_Economics_17            items=1 vision=  1012 prompt=  1151 [{'w': 1009, 'h': 472, 'resized_w': 1472, 'resized_h': 704, 'tokens': 1012}]
2026-09-14 16:47:27 [DEBUG] 토큰 사전계산 validation_Economics_18            items=1 vision=   992 prompt=  1130 [{'w': 303, 'h': 292, 'resized_w': 1024, 'resized_h': 992, 'tokens': 992}]
2026-09-14 16:47:27 [DEBUG] 토큰 사전계산 validation_Economics_19            items=1 vision=  1026 prompt=  1182 [{'w': 925, 'h': 286, 'resized_w': 1824, 'resized_h': 576, 'tokens': 1026}]
2026-09-14 16:47:27 [DEBUG] 토큰 사전계산 validation_Economics_20            items=1 vision=  1020 prompt=  1090 [{'w': 675, 'h': 585, 'resized_w': 1088, 'resized_h': 960, 'tokens': 1020}]
2026-09-14 16:47:27 [DEBUG] 토큰 사전계산 validation_Economics_21            items=1 vision=  1026 prompt=  1149 [{'w': 1252, 'h': 421, 'resized_w': 1728, 'resized_h': 608, 'tokens': 1026}]
2026-09-14 16:47:27 [DEBUG] 토큰 사전계산 validation_Economics_22            items=1 vision=  1000 prompt=  1110 [{'w': 889, 'h': 355, 'resized_w': 1600, 'resized_h': 640, 'tokens': 1000}]
2026-09-14 16:47:27 [DEBUG] 토큰 사전계산 validation_Economics_23            items=1 vision=   990 prompt=  1143 [{'w': 475, 'h': 154, 'resized_w': 1760, 'resized_h': 576, 'tokens': 990}]
2026-09-14 16:47:27 [DEBUG] 토큰 사전계산 validation_Economics_24            items=1 vision=  1015 prompt=  1196 [{'w': 876, 'h': 705, 'resized_w': 1120, 'resized_h': 928, 'tokens': 1015}]
2026-09-14 16:47:27 [DEBUG] 토큰 사전계산 validation_Economics_25            items=2 vision=  2060 prompt=  2256 [{'w': 517, 'h': 142, 'resized_w': 1920, 'resized_h': 544, 'tokens': 1020}, {'w': 365, 'h': 233, 'resized_w': 1280, 'resized_h': 832, 'tokens': 1040}]
2026-09-14 16:47:27 [DEBUG] 토큰 사전계산 validation_Economics_26            items=1 vision=  1015 prompt=  1177 [{'w': 709, 'h': 568, 'resized_w': 1120, 'resized_h': 928, 'tokens': 1015}]
2026-09-14 16:47:27 [DEBUG] 토큰 사전계산 validation_Economics_27            items=1 vision=   990 prompt=  1156 [{'w': 478, 'h': 156, 'resized_w': 1760, 'resized_h': 576, 'tokens': 990}]
2026-09-14 16:47:27 [DEBUG] 토큰 사전계산 validation_Economics_28            items=1 vision=  1014 prompt=  1130 [{'w': 439, 'h': 652, 'resized_w': 832, 'resized_h': 1248, 'tokens': 1014}]
2026-09-14 16:47:27 [DEBUG] 토큰 사전계산 validation_Economics_29            items=1 vision=  1000 prompt=  1322 [{'w': 1228, 'h': 499, 'resized_w': 1600, 'resized_h': 640, 'tokens': 1000}]
2026-09-14 16:47:27 [DEBUG] 토큰 사전계산 validation_Economics_30            items=1 vision=  1008 prompt=  1180 [{'w': 309, 'h': 243, 'resized_w': 1152, 'resized_h': 896, 'tokens': 1008}]
2026-09-14 16:47:27 [DEBUG] 토큰 사전계산 validation_Electronics_1           items=1 vision=   999 prompt=  1092 [{'w': 437, 'h': 319, 'resized_w': 1184, 'resized_h': 864, 'tokens': 999}]
2026-09-14 16:47:27 [DEBUG] 토큰 사전계산 validation_Electronics_2           items=1 vision=  1008 prompt=  1072 [{'w': 470, 'h': 204, 'resized_w': 1536, 'resized_h': 672, 'tokens': 1008}]
2026-09-14 16:47:27 [DEBUG] 토큰 사전계산 validation_Electronics_3           items=1 vision=  1029 prompt=  1236 [{'w': 516, 'h': 211, 'resized_w': 1568, 'resized_h': 672, 'tokens': 1029}]
2026-09-14 16:47:27 [DEBUG] 토큰 사전계산 validation_Electronics_4           items=1 vision=  1000 prompt=  1140 [{'w': 137, 'h': 340, 'resized_w': 640, 'resized_h': 1600, 'tokens': 1000}]
2026-09-14 16:47:27 [DEBUG] 토큰 사전계산 validation_Electronics_5           items=1 vision=  1008 prompt=  1063 [{'w': 602, 'h': 261, 'resized_w': 1536, 'resized_h': 672, 'tokens': 1008}]
2026-09-14 16:47:27 [DEBUG] 토큰 사전계산 validation_Electronics_6           items=1 vision=  1012 prompt=  1077 [{'w': 435, 'h': 222, 'resized_w': 1408, 'resized_h': 736, 'tokens': 1012}]
2026-09-14 16:47:27 [DEBUG] 토큰 사전계산 validation_Electronics_7           items=1 vision=  1020 prompt=  1170 [{'w': 404, 'h': 156, 'resized_w': 1632, 'resized_h': 640, 'tokens': 1020}]
2026-09-14 16:47:27 [DEBUG] 토큰 사전계산 validation_Electronics_8           items=1 vision=  1008 prompt=  1252 [{'w': 592, 'h': 253, 'resized_w': 1536, 'resized_h': 672, 'tokens': 1008}]
2026-09-14 16:47:27 [DEBUG] 토큰 사전계산 validation_Electronics_9           items=1 vision=  1008 prompt=  1221 [{'w': 491, 'h': 158, 'resized_w': 1792, 'resized_h': 576, 'tokens': 1008}]
2026-09-14 16:47:27 [DEBUG] 토큰 사전계산 validation_Electronics_10          items=1 vision=  1012 prompt=  1185 [{'w': 407, 'h': 207, 'resized_w': 1408, 'resized_h': 736, 'tokens': 1012}]
2026-09-14 16:47:27 [DEBUG] 토큰 사전계산 validation_Electronics_11          items=1 vision=  1026 prompt=  1108 [{'w': 454, 'h': 140, 'resized_w': 1824, 'resized_h': 576, 'tokens': 1026}]
2026-09-14 16:47:27 [DEBUG] 토큰 사전계산 validation_Electronics_12          items=1 vision=  1023 prompt=  1145 [{'w': 180, 'h': 167, 'resized_w': 1056, 'resized_h': 992, 'tokens': 1023}]
2026-09-14 16:47:27 [DEBUG] 토큰 사전계산 validation_Electronics_13          items=1 vision=  1026 prompt=  1205 [{'w': 466, 'h': 144, 'resized_w': 1824, 'resized_h': 576, 'tokens': 1026}]
2026-09-14 16:47:27 [DEBUG] 토큰 사전계산 validation_Electronics_14          items=1 vision=  1032 prompt=  1345 [{'w': 528, 'h': 287, 'resized_w': 1376, 'resized_h': 768, 'tokens': 1032}]
2026-09-14 16:47:27 [DEBUG] 토큰 사전계산 validation_Electronics_15          items=1 vision=  1008 prompt=  1191 [{'w': 379, 'h': 166, 'resized_w': 1536, 'resized_h': 672, 'tokens': 1008}]
2026-09-14 16:47:27 [DEBUG] 토큰 사전계산 validation_Electronics_16          items=1 vision=  1008 prompt=  1071 [{'w': 590, 'h': 257, 'resized_w': 1536, 'resized_h': 672, 'tokens': 1008}]
2026-09-14 16:47:27 [DEBUG] 토큰 사전계산 validation_Electronics_17          items=1 vision=  1008 prompt=  1162 [{'w': 601, 'h': 263, 'resized_w': 1536, 'resized_h': 672, 'tokens': 1008}]
2026-09-14 16:47:27 [DEBUG] 토큰 사전계산 validation_Electronics_18          items=1 vision=  1008 prompt=  1153 [{'w': 279, 'h': 157, 'resized_w': 1344, 'resized_h': 768, 'tokens': 1008}]
2026-09-14 16:47:27 [DEBUG] 토큰 사전계산 validation_Electronics_19          items=1 vision=  1003 prompt=  1132 [{'w': 383, 'h': 108, 'resized_w': 1888, 'resized_h': 544, 'tokens': 1003}]
2026-09-14 16:47:27 [DEBUG] 토큰 사전계산 validation_Electronics_20          items=1 vision=  1000 prompt=  1154 [{'w': 383, 'h': 153, 'resized_w': 1600, 'resized_h': 640, 'tokens': 1000}]
2026-09-14 16:47:27 [DEBUG] 토큰 사전계산 validation_Electronics_21          items=1 vision=  1020 prompt=  1091 [{'w': 526, 'h': 204, 'resized_w': 1632, 'resized_h': 640, 'tokens': 1020}]
2026-09-14 16:47:27 [DEBUG] 토큰 사전계산 validation_Electronics_22          items=1 vision=  1040 prompt=  1233 [{'w': 604, 'h': 142, 'resized_w': 2080, 'resized_h': 512, 'tokens': 1040}]
2026-09-14 16:47:27 [DEBUG] 토큰 사전계산 validation_Electronics_23          items=1 vision=  1037 prompt=  1280 [{'w': 427, 'h': 116, 'resized_w': 1952, 'resized_h': 544, 'tokens': 1037}]
2026-09-14 16:47:27 [DEBUG] 토큰 사전계산 validation_Electronics_24          items=1 vision=  1014 prompt=  1162 [{'w': 464, 'h': 304, 'resized_w': 1248, 'resized_h': 832, 'tokens': 1014}]
2026-09-14 16:47:27 [DEBUG] 토큰 사전계산 validation_Electronics_25          items=1 vision=   986 prompt=  1045 [{'w': 269, 'h': 317, 'resized_w': 928, 'resized_h': 1088, 'tokens': 986}]
2026-09-14 16:47:27 [DEBUG] 토큰 사전계산 validation_Electronics_26          items=1 vision=  1035 prompt=  1107 [{'w': 420, 'h': 210, 'resized_w': 1440, 'resized_h': 736, 'tokens': 1035}]
2026-09-14 16:47:27 [DEBUG] 토큰 사전계산 validation_Electronics_27          items=1 vision=  1034 prompt=  1100 [{'w': 615, 'h': 277, 'resized_w': 1504, 'resized_h': 704, 'tokens': 1034}]
2026-09-14 16:47:27 [DEBUG] 토큰 사전계산 validation_Electronics_28          items=1 vision=  1020 prompt=  1211 [{'w': 526, 'h': 147, 'resized_w': 1920, 'resized_h': 544, 'tokens': 1020}]
2026-09-14 16:47:27 [DEBUG] 토큰 사전계산 validation_Electronics_29          items=1 vision=  1025 prompt=  1092 [{'w': 243, 'h': 146, 'resized_w': 1312, 'resized_h': 800, 'tokens': 1025}]
2026-09-14 16:47:27 [DEBUG] 토큰 사전계산 validation_Electronics_30          items=1 vision=  1003 prompt=  1083 [{'w': 531, 'h': 152, 'resized_w': 1888, 'resized_h': 544, 'tokens': 1003}]
2026-09-14 16:47:27 [DEBUG] 토큰 사전계산 validation_Energy_and_Power_1      items=1 vision=   987 prompt=  1192 [{'w': 439, 'h': 195, 'resized_w': 1504, 'resized_h': 672, 'tokens': 987}]
2026-09-14 16:47:27 [DEBUG] 토큰 사전계산 validation_Energy_and_Power_2      items=1 vision=  1014 prompt=  1246 [{'w': 384, 'h': 259, 'resized_w': 1248, 'resized_h': 832, 'tokens': 1014}]
2026-09-14 16:47:27 [DEBUG] 토큰 사전계산 validation_Energy_and_Power_3      items=1 vision=  1012 prompt=  1166 [{'w': 414, 'h': 210, 'resized_w': 1408, 'resized_h': 736, 'tokens': 1012}]
2026-09-14 16:47:27 [DEBUG] 토큰 사전계산 validation_Energy_and_Power_4      items=1 vision=   992 prompt=  1186 [{'w': 922, 'h': 236, 'resized_w': 1984, 'resized_h': 512, 'tokens': 992}]
2026-09-14 16:47:27 [DEBUG] 토큰 사전계산 validation_Energy_and_Power_5      items=1 vision=   999 prompt=  1140 [{'w': 300, 'h': 220, 'resized_w': 1184, 'resized_h': 864, 'tokens': 999}]
2026-09-14 16:47:27 [DEBUG] 토큰 사전계산 validation_Energy_and_Power_6      items=1 vision=   990 prompt=  1100 [{'w': 351, 'h': 384, 'resized_w': 960, 'resized_h': 1056, 'tokens': 990}]
2026-09-14 16:47:27 [DEBUG] 토큰 사전계산 validation_Energy_and_Power_7      items=1 vision=   988 prompt=  1168 [{'w': 713, 'h': 1049, 'resized_w': 832, 'resized_h': 1216, 'tokens': 988}]
2026-09-14 16:47:27 [DEBUG] 토큰 사전계산 validation_Energy_and_Power_8      items=1 vision=  1015 prompt=  1156 [{'w': 238, 'h': 292, 'resized_w': 928, 'resized_h': 1120, 'tokens': 1015}]
2026-09-14 16:47:27 [DEBUG] 토큰 사전계산 validation_Energy_and_Power_9      items=1 vision=   990 prompt=  1145 [{'w': 282, 'h': 310, 'resized_w': 960, 'resized_h': 1056, 'tokens': 990}]
2026-09-14 16:47:27 [DEBUG] 토큰 사전계산 validation_Energy_and_Power_10     items=1 vision=  1029 prompt=  1240 [{'w': 684, 'h': 290, 'resized_w': 1568, 'resized_h': 672, 'tokens': 1029}]
2026-09-14 16:47:27 [DEBUG] 토큰 사전계산 validation_Energy_and_Power_11     items=1 vision=  1008 prompt=  1222 [{'w': 486, 'h': 388, 'resized_w': 1152, 'resized_h': 896, 'tokens': 1008}]
2026-09-14 16:47:27 [DEBUG] 토큰 사전계산 validation_Energy_and_Power_12     items=1 vision=  1023 prompt=  1206 [{'w': 569, 'h': 598, 'resized_w': 992, 'resized_h': 1056, 'tokens': 1023}]
2026-09-14 16:47:27 [DEBUG] 토큰 사전계산 validation_Energy_and_Power_13     items=1 vision=   992 prompt=  1232 [{'w': 708, 'h': 694, 'resized_w': 1024, 'resized_h': 992, 'tokens': 992}]
2026-09-14 16:47:27 [DEBUG] 토큰 사전계산 validation_Energy_and_Power_14     items=1 vision=  1015 prompt=  1151 [{'w': 301, 'h': 249, 'resized_w': 1120, 'resized_h': 928, 'tokens': 1015}]
2026-09-14 16:47:27 [DEBUG] 토큰 사전계산 validation_Energy_and_Power_15     items=1 vision=  1040 prompt=  1199 [{'w': 507, 'h': 325, 'resized_w': 1280, 'resized_h': 832, 'tokens': 1040}]
2026-09-14 16:47:27 [DEBUG] 토큰 사전계산 validation_Energy_and_Power_16     items=1 vision=  1015 prompt=  1185 [{'w': 1062, 'h': 855, 'resized_w': 1120, 'resized_h': 928, 'tokens': 1015}]
2026-09-14 16:47:27 [DEBUG] 토큰 사전계산 validation_Energy_and_Power_17     items=1 vision=  1025 prompt=  1182 [{'w': 444, 'h': 270, 'resized_w': 1312, 'resized_h': 800, 'tokens': 1025}]
2026-09-14 16:47:27 [DEBUG] 토큰 사전계산 validation_Energy_and_Power_18     items=1 vision=  1008 prompt=  1243 [{'w': 968, 'h': 760, 'resized_w': 1152, 'resized_h': 896, 'tokens': 1008}]
2026-09-14 16:47:27 [DEBUG] 토큰 사전계산 validation_Energy_and_Power_19     items=1 vision=  1008 prompt=  1221 [{'w': 286, 'h': 219, 'resized_w': 1152, 'resized_h': 896, 'tokens': 1008}]
2026-09-14 16:47:27 [DEBUG] 토큰 사전계산 validation_Energy_and_Power_20     items=1 vision=  1015 prompt=  1215 [{'w': 388, 'h': 312, 'resized_w': 1120, 'resized_h': 928, 'tokens': 1015}]
2026-09-14 16:47:27 [DEBUG] 토큰 사전계산 validation_Energy_and_Power_21     items=1 vision=  1012 prompt=  1166 [{'w': 327, 'h': 157, 'resized_w': 1472, 'resized_h': 704, 'tokens': 1012}]
2026-09-14 16:47:27 [DEBUG] 토큰 사전계산 validation_Energy_and_Power_22     items=1 vision=  1020 prompt=  1175 [{'w': 346, 'h': 298, 'resized_w': 1088, 'resized_h': 960, 'tokens': 1020}]
2026-09-14 16:47:27 [DEBUG] 토큰 사전계산 validation_Energy_and_Power_23     items=1 vision=  1015 prompt=  1172 [{'w': 355, 'h': 286, 'resized_w': 1120, 'resized_h': 928, 'tokens': 1015}]
2026-09-14 16:47:27 [DEBUG] 토큰 사전계산 validation_Energy_and_Power_24     items=1 vision=  1012 prompt=  1130 [{'w': 485, 'h': 232, 'resized_w': 1472, 'resized_h': 704, 'tokens': 1012}]
2026-09-14 16:47:27 [DEBUG] 토큰 사전계산 validation_Energy_and_Power_25     items=1 vision=  1000 prompt=  1254 [{'w': 934, 'h': 587, 'resized_w': 1280, 'resized_h': 800, 'tokens': 1000}]
2026-09-14 16:47:27 [DEBUG] 토큰 사전계산 validation_Energy_and_Power_26     items=1 vision=  1034 prompt=  1213 [{'w': 387, 'h': 175, 'resized_w': 1504, 'resized_h': 704, 'tokens': 1034}]
2026-09-14 16:47:27 [DEBUG] 토큰 사전계산 validation_Energy_and_Power_27     items=1 vision=  1020 prompt=  1185 [{'w': 262, 'h': 295, 'resized_w': 960, 'resized_h': 1088, 'tokens': 1020}]
2026-09-14 16:47:27 [DEBUG] 토큰 사전계산 validation_Energy_and_Power_28     items=1 vision=  1025 prompt=  1317 [{'w': 271, 'h': 165, 'resized_w': 1312, 'resized_h': 800, 'tokens': 1025}]
2026-09-14 16:47:27 [DEBUG] 토큰 사전계산 validation_Energy_and_Power_29     items=1 vision=  1025 prompt=  1207 [{'w': 415, 'h': 252, 'resized_w': 1312, 'resized_h': 800, 'tokens': 1025}]
2026-09-14 16:47:27 [DEBUG] 토큰 사전계산 validation_Energy_and_Power_30     items=1 vision=  1012 prompt=  1194 [{'w': 310, 'h': 157, 'resized_w': 1408, 'resized_h': 736, 'tokens': 1012}]
2026-09-14 16:47:27 [DEBUG] 토큰 사전계산 validation_Finance_1               items=1 vision=  1014 prompt=  1193 [{'w': 628, 'h': 410, 'resized_w': 1248, 'resized_h': 832, 'tokens': 1014}]
2026-09-14 16:47:27 [DEBUG] 토큰 사전계산 validation_Finance_2               items=1 vision=  1003 prompt=  1147 [{'w': 656, 'h': 191, 'resized_w': 1888, 'resized_h': 544, 'tokens': 1003}]
2026-09-14 16:47:27 [DEBUG] 토큰 사전계산 validation_Finance_3               items=1 vision=   988 prompt=  1131 [{'w': 701, 'h': 256, 'resized_w': 1664, 'resized_h': 608, 'tokens': 988}]
2026-09-14 16:47:27 [DEBUG] 토큰 사전계산 validation_Finance_4               items=1 vision=  1014 prompt=  1209 [{'w': 567, 'h': 376, 'resized_w': 1248, 'resized_h': 832, 'tokens': 1014}]
2026-09-14 16:47:27 [DEBUG] 토큰 사전계산 validation_Finance_5               items=1 vision=  1007 prompt=  1257 [{'w': 629, 'h': 222, 'resized_w': 1696, 'resized_h': 608, 'tokens': 1007}]
2026-09-14 16:47:27 [DEBUG] 토큰 사전계산 validation_Finance_6               items=1 vision=  1040 prompt=  1257 [{'w': 593, 'h': 220, 'resized_w': 1664, 'resized_h': 640, 'tokens': 1040}]
2026-09-14 16:47:27 [DEBUG] 토큰 사전계산 validation_Finance_7               items=1 vision=  1044 prompt=  1306 [{'w': 516, 'h': 154, 'resized_w': 1856, 'resized_h': 576, 'tokens': 1044}]
2026-09-14 16:47:27 [DEBUG] 토큰 사전계산 validation_Finance_8               items=1 vision=  1037 prompt=  1242 [{'w': 946, 'h': 254, 'resized_w': 1952, 'resized_h': 544, 'tokens': 1037}]
2026-09-14 16:47:27 [DEBUG] 토큰 사전계산 validation_Finance_9               items=1 vision=  1015 prompt=  1239 [{'w': 737, 'h': 591, 'resized_w': 1120, 'resized_h': 928, 'tokens': 1015}]
2026-09-14 16:47:27 [DEBUG] 토큰 사전계산 validation_Finance_10              items=1 vision=   994 prompt=  1165 [{'w': 710, 'h': 139, 'resized_w': 2272, 'resized_h': 448, 'tokens': 994}]
2026-09-14 16:47:27 [DEBUG] 토큰 사전계산 validation_Finance_11              items=1 vision=  1034 prompt=  1263 [{'w': 572, 'h': 261, 'resized_w': 1504, 'resized_h': 704, 'tokens': 1034}]
2026-09-14 16:47:27 [DEBUG] 토큰 사전계산 validation_Finance_12              items=1 vision=  1053 prompt=  1219 [{'w': 774, 'h': 118, 'resized_w': 2592, 'resized_h': 416, 'tokens': 1053}]
2026-09-14 16:47:27 [DEBUG] 토큰 사전계산 validation_Finance_13              items=1 vision=  1035 prompt=  1261 [{'w': 718, 'h': 358, 'resized_w': 1440, 'resized_h': 736, 'tokens': 1035}]
2026-09-14 16:47:27 [DEBUG] 토큰 사전계산 validation_Finance_14              items=1 vision=   986 prompt=  1168 [{'w': 757, 'h': 888, 'resized_w': 928, 'resized_h': 1088, 'tokens': 986}]
2026-09-14 16:47:27 [DEBUG] 토큰 사전계산 validation_Finance_15              items=1 vision=  1000 prompt=  1167 [{'w': 609, 'h': 241, 'resized_w': 1600, 'resized_h': 640, 'tokens': 1000}]
2026-09-14 16:47:27 [DEBUG] 토큰 사전계산 validation_Finance_16              items=1 vision=  1008 prompt=  1211 [{'w': 350, 'h': 276, 'resized_w': 1152, 'resized_h': 896, 'tokens': 1008}]
2026-09-14 16:47:27 [DEBUG] 토큰 사전계산 validation_Finance_17              items=1 vision=  1000 prompt=  1063 [{'w': 655, 'h': 265, 'resized_w': 1600, 'resized_h': 640, 'tokens': 1000}]
2026-09-14 16:47:27 [DEBUG] 토큰 사전계산 validation_Finance_18              items=1 vision=  1003 prompt=  1154 [{'w': 656, 'h': 191, 'resized_w': 1888, 'resized_h': 544, 'tokens': 1003}]
2026-09-14 16:47:27 [DEBUG] 토큰 사전계산 validation_Finance_19              items=1 vision=  1035 prompt=  1164 [{'w': 248, 'h': 124, 'resized_w': 1440, 'resized_h': 736, 'tokens': 1035}]
2026-09-14 16:47:27 [DEBUG] 토큰 사전계산 validation_Finance_20              items=1 vision=  1014 prompt=  1122 [{'w': 257, 'h': 383, 'resized_w': 832, 'resized_h': 1248, 'tokens': 1014}]
2026-09-14 16:47:27 [DEBUG] 토큰 사전계산 validation_Finance_21              items=1 vision=  1034 prompt=  1219 [{'w': 754, 'h': 349, 'resized_w': 1504, 'resized_h': 704, 'tokens': 1034}]
2026-09-14 16:47:27 [DEBUG] 토큰 사전계산 validation_Finance_22              items=1 vision=  1020 prompt=  1171 [{'w': 598, 'h': 232, 'resized_w': 1632, 'resized_h': 640, 'tokens': 1020}]
2026-09-14 16:47:27 [DEBUG] 토큰 사전계산 validation_Finance_23              items=1 vision=  1040 prompt=  1155 [{'w': 456, 'h': 108, 'resized_w': 2080, 'resized_h': 512, 'tokens': 1040}]
2026-09-14 16:47:27 [DEBUG] 토큰 사전계산 validation_Finance_24              items=1 vision=  1003 prompt=  1113 [{'w': 507, 'h': 146, 'resized_w': 1888, 'resized_h': 544, 'tokens': 1003}]
2026-09-14 16:47:27 [DEBUG] 토큰 사전계산 validation_Finance_25              items=1 vision=   986 prompt=  1135 [{'w': 849, 'h': 728, 'resized_w': 1088, 'resized_h': 928, 'tokens': 986}]
2026-09-14 16:47:27 [DEBUG] 토큰 사전계산 validation_Finance_26              items=1 vision=  1035 prompt=  1220 [{'w': 502, 'h': 250, 'resized_w': 1440, 'resized_h': 736, 'tokens': 1035}]
2026-09-14 16:47:27 [DEBUG] 토큰 사전계산 validation_Finance_27              items=1 vision=  1008 prompt=  1211 [{'w': 350, 'h': 276, 'resized_w': 1152, 'resized_h': 896, 'tokens': 1008}]
2026-09-14 16:47:27 [DEBUG] 토큰 사전계산 validation_Finance_28              items=1 vision=  1008 prompt=  1162 [{'w': 720, 'h': 226, 'resized_w': 1792, 'resized_h': 576, 'tokens': 1008}]
2026-09-14 16:47:27 [DEBUG] 토큰 사전계산 validation_Finance_29              items=1 vision=  1007 prompt=  1188 [{'w': 599, 'h': 213, 'resized_w': 1696, 'resized_h': 608, 'tokens': 1007}]
2026-09-14 16:47:27 [DEBUG] 토큰 사전계산 validation_Finance_30              items=1 vision=  1000 prompt=  1063 [{'w': 655, 'h': 265, 'resized_w': 1600, 'resized_h': 640, 'tokens': 1000}]
2026-09-14 16:47:27 [DEBUG] 토큰 사전계산 validation_Geography_1             items=1 vision=  1026 prompt=  1202 [{'w': 336, 'h': 113, 'resized_w': 1728, 'resized_h': 608, 'tokens': 1026}]
2026-09-14 16:47:27 [DEBUG] 토큰 사전계산 validation_Geography_2             items=1 vision=  1012 prompt=  1143 [{'w': 358, 'h': 172, 'resized_w': 1472, 'resized_h': 704, 'tokens': 1012}]
2026-09-14 16:47:27 [DEBUG] 토큰 사전계산 validation_Geography_3             items=1 vision=  1000 prompt=  1113 [{'w': 255, 'h': 103, 'resized_w': 1600, 'resized_h': 640, 'tokens': 1000}]
2026-09-14 16:47:27 [DEBUG] 토큰 사전계산 validation_Geography_4             items=1 vision=   992 prompt=  1040 [{'w': 964, 'h': 996, 'resized_w': 992, 'resized_h': 1024, 'tokens': 992}]
2026-09-14 16:47:27 [DEBUG] 토큰 사전계산 validation_Geography_5             items=1 vision=  1025 prompt=  1166 [{'w': 200, 'h': 119, 'resized_w': 1312, 'resized_h': 800, 'tokens': 1025}]
2026-09-14 16:47:27 [DEBUG] 토큰 사전계산 validation_Geography_6             items=1 vision=  1008 prompt=  1126 [{'w': 209, 'h': 273, 'resized_w': 896, 'resized_h': 1152, 'tokens': 1008}]
2026-09-14 16:47:27 [DEBUG] 토큰 사전계산 validation_Geography_7             items=1 vision=  1032 prompt=  1149 [{'w': 480, 'h': 262, 'resized_w': 1376, 'resized_h': 768, 'tokens': 1032}]
2026-09-14 16:47:27 [DEBUG] 토큰 사전계산 validation_Geography_8             items=1 vision=  1024 prompt=  1250 [{'w': 501, 'h': 122, 'resized_w': 2048, 'resized_h': 512, 'tokens': 1024}]
2026-09-14 16:47:27 [DEBUG] 토큰 사전계산 validation_Geography_9             items=1 vision=  1008 prompt=  1111 [{'w': 460, 'h': 363, 'resized_w': 1152, 'resized_h': 896, 'tokens': 1008}]
2026-09-14 16:47:27 [DEBUG] 토큰 사전계산 validation_Geography_10            items=1 vision=  1012 prompt=  1210 [{'w': 251, 'h': 117, 'resized_w': 1472, 'resized_h': 704, 'tokens': 1012}]
2026-09-14 16:47:27 [DEBUG] 토큰 사전계산 validation_Geography_11            items=1 vision=  1064 prompt=  1166 [{'w': 1208, 'h': 912, 'resized_w': 1216, 'resized_h': 896, 'tokens': 1064}]
2026-09-14 16:47:27 [DEBUG] 토큰 사전계산 validation_Geography_12            items=1 vision=  1008 prompt=  1152 [{'w': 461, 'h': 202, 'resized_w': 1536, 'resized_h': 672, 'tokens': 1008}]
2026-09-14 16:47:27 [DEBUG] 토큰 사전계산 validation_Geography_13            items=1 vision=  1008 prompt=  1194 [{'w': 160, 'h': 121, 'resized_w': 1152, 'resized_h': 896, 'tokens': 1008}]
2026-09-14 16:47:27 [DEBUG] 토큰 사전계산 validation_Geography_14            items=1 vision=  1008 prompt=  1157 [{'w': 217, 'h': 273, 'resized_w': 896, 'resized_h': 1152, 'tokens': 1008}]
2026-09-14 16:47:27 [DEBUG] 토큰 사전계산 validation_Geography_15            items=1 vision=  1485 prompt=  1619 [{'w': 1069, 'h': 1444, 'resized_w': 1056, 'resized_h': 1440, 'tokens': 1485}]
2026-09-14 16:47:27 [DEBUG] 토큰 사전계산 validation_Geography_16            items=4 vision=  4048 prompt=  4157 [{'w': 1054, 'h': 669, 'resized_w': 1280, 'resized_h': 800, 'tokens': 1000}, {'w': 891, 'h': 534, 'resized_w': 1312, 'resized_h': 800, 'tokens': 1025}, {'w': 1399, 'h': 451, 'resized_w': 1792, 'resized_h': 576, 'tokens': 1008}, {'w': 751, 'h': 891, 'resized_w': 928, 'resized_h': 1120, 'tokens': 1015}]
2026-09-14 16:47:27 [DEBUG] 토큰 사전계산 validation_Geography_17            items=1 vision=   984 prompt=  1105 [{'w': 378, 'h': 221, 'resized_w': 1312, 'resized_h': 768, 'tokens': 984}]
2026-09-14 16:47:27 [DEBUG] 토큰 사전계산 validation_Geography_18            items=1 vision=  1068 prompt=  1157 [{'w': 1699, 'h': 214, 'resized_w': 2848, 'resized_h': 384, 'tokens': 1068}]
2026-09-14 16:47:27 [DEBUG] 토큰 사전계산 validation_Geography_19            items=1 vision=  1008 prompt=  1119 [{'w': 347, 'h': 202, 'resized_w': 1344, 'resized_h': 768, 'tokens': 1008}]
2026-09-14 16:47:27 [DEBUG] 토큰 사전계산 validation_Geography_20            items=1 vision=   986 prompt=  1115 [{'w': 171, 'h': 200, 'resized_w': 928, 'resized_h': 1088, 'tokens': 986}]
2026-09-14 16:47:27 [DEBUG] 토큰 사전계산 validation_Geography_21            items=1 vision=   990 prompt=  1105 [{'w': 696, 'h': 771, 'resized_w': 960, 'resized_h': 1056, 'tokens': 990}]
2026-09-14 16:47:27 [DEBUG] 토큰 사전계산 validation_Geography_22            items=1 vision=   992 prompt=  1051 [{'w': 519, 'h': 534, 'resized_w': 992, 'resized_h': 1024, 'tokens': 992}]
2026-09-14 16:47:27 [DEBUG] 토큰 사전계산 validation_Geography_23            items=1 vision=  1026 prompt=  1171 [{'w': 434, 'h': 146, 'resized_w': 1728, 'resized_h': 608, 'tokens': 1026}]
2026-09-14 16:47:27 [DEBUG] 토큰 사전계산 validation_Geography_24            items=1 vision=  1000 prompt=  1118 [{'w': 251, 'h': 155, 'resized_w': 1280, 'resized_h': 800, 'tokens': 1000}]
2026-09-14 16:47:27 [DEBUG] 토큰 사전계산 validation_Geography_25            items=1 vision=  1040 prompt=  1199 [{'w': 152, 'h': 237, 'resized_w': 832, 'resized_h': 1280, 'tokens': 1040}]
2026-09-14 16:47:27 [DEBUG] 토큰 사전계산 validation_Geography_26            items=1 vision=  1026 prompt=  1199 [{'w': 326, 'h': 228, 'resized_w': 1216, 'resized_h': 864, 'tokens': 1026}]
2026-09-14 16:47:27 [DEBUG] 토큰 사전계산 validation_Geography_27            items=1 vision=  1000 prompt=  1142 [{'w': 311, 'h': 122, 'resized_w': 1600, 'resized_h': 640, 'tokens': 1000}]
2026-09-14 16:47:27 [DEBUG] 토큰 사전계산 validation_Geography_28            items=1 vision=  1014 prompt=  1154 [{'w': 823, 'h': 558, 'resized_w': 1248, 'resized_h': 832, 'tokens': 1014}]
2026-09-14 16:47:27 [DEBUG] 토큰 사전계산 validation_Geography_29            items=1 vision=  1035 prompt=  1134 [{'w': 516, 'h': 258, 'resized_w': 1440, 'resized_h': 736, 'tokens': 1035}]
2026-09-14 16:47:27 [DEBUG] 토큰 사전계산 validation_Geography_30            items=1 vision=  1020 prompt=  1213 [{'w': 560, 'h': 215, 'resized_w': 1632, 'resized_h': 640, 'tokens': 1020}]
2026-09-14 16:47:27 [DEBUG] 토큰 사전계산 validation_History_1               items=1 vision=  1008 prompt=  1184 [{'w': 810, 'h': 628, 'resized_w': 1152, 'resized_h': 896, 'tokens': 1008}]
2026-09-14 16:47:27 [DEBUG] 토큰 사전계산 validation_History_2               items=1 vision=  1020 prompt=  1148 [{'w': 890, 'h': 778, 'resized_w': 1088, 'resized_h': 960, 'tokens': 1020}]
2026-09-14 16:47:27 [DEBUG] 토큰 사전계산 validation_History_3               items=1 vision=  1015 prompt=  1152 [{'w': 690, 'h': 862, 'resized_w': 928, 'resized_h': 1120, 'tokens': 1015}]
2026-09-14 16:47:27 [DEBUG] 토큰 사전계산 validation_History_4               items=1 vision=  1000 prompt=  1137 [{'w': 1284, 'h': 811, 'resized_w': 1280, 'resized_h': 800, 'tokens': 1000}]
2026-09-14 16:47:27 [DEBUG] 토큰 사전계산 validation_History_5               items=1 vision=  1980 prompt=  2182 [{'w': 1926, 'h': 1056, 'resized_w': 1920, 'resized_h': 1056, 'tokens': 1980}]
2026-09-14 16:47:27 [DEBUG] 토큰 사전계산 validation_History_6               items=1 vision=  1088 prompt=  1284 [{'w': 1100, 'h': 1032, 'resized_w': 1088, 'resized_h': 1024, 'tokens': 1088}]
2026-09-14 16:47:27 [DEBUG] 토큰 사전계산 validation_History_7               items=1 vision=   992 prompt=  1184 [{'w': 770, 'h': 804, 'resized_w': 992, 'resized_h': 1024, 'tokens': 992}]
2026-09-14 16:47:27 [DEBUG] 토큰 사전계산 validation_History_8               items=1 vision=  1000 prompt=  1154 [{'w': 726, 'h': 454, 'resized_w': 1280, 'resized_h': 800, 'tokens': 1000}]
2026-09-14 16:47:27 [DEBUG] 토큰 사전계산 validation_History_9               items=1 vision=  1025 prompt=  1149 [{'w': 1098, 'h': 646, 'resized_w': 1312, 'resized_h': 800, 'tokens': 1025}]
2026-09-14 16:47:27 [DEBUG] 토큰 사전계산 validation_History_10              items=1 vision=  1014 prompt=  1162 [{'w': 1024, 'h': 660, 'resized_w': 1248, 'resized_h': 832, 'tokens': 1014}]
2026-09-14 16:47:27 [DEBUG] 토큰 사전계산 validation_History_11              items=1 vision=  1023 prompt=  1132 [{'w': 816, 'h': 756, 'resized_w': 1056, 'resized_h': 992, 'tokens': 1023}]
2026-09-14 16:47:27 [DEBUG] 토큰 사전계산 validation_History_12              items=1 vision=  1560 prompt=  1695 [{'w': 1658, 'h': 962, 'resized_w': 1664, 'resized_h': 960, 'tokens': 1560}]
2026-09-14 16:47:27 [DEBUG] 토큰 사전계산 validation_History_13              items=1 vision=  1026 prompt=  1165 [{'w': 796, 'h': 558, 'resized_w': 1216, 'resized_h': 864, 'tokens': 1026}]
2026-09-14 16:47:27 [DEBUG] 토큰 사전계산 validation_History_14              items=1 vision=  1008 prompt=  1155 [{'w': 419, 'h': 546, 'resized_w': 896, 'resized_h': 1152, 'tokens': 1008}]
2026-09-14 16:47:27 [DEBUG] 토큰 사전계산 validation_History_15              items=2 vision=  2030 prompt=  2164 [{'w': 690, 'h': 862, 'resized_w': 928, 'resized_h': 1120, 'tokens': 1015}, {'w': 894, 'h': 738, 'resized_w': 1120, 'resized_h': 928, 'tokens': 1015}]
2026-09-14 16:47:27 [DEBUG] 토큰 사전계산 validation_History_16              items=1 vision=  1120 prompt=  1271 [{'w': 1294, 'h': 901, 'resized_w': 1280, 'resized_h': 896, 'tokens': 1120}]
2026-09-14 16:47:27 [DEBUG] 토큰 사전계산 validation_History_17              items=1 vision=   988 prompt=  1122 [{'w': 498, 'h': 340, 'resized_w': 1216, 'resized_h': 832, 'tokens': 988}]
2026-09-14 16:47:27 [DEBUG] 토큰 사전계산 validation_History_18              items=2 vision=  2041 prompt=  2160 [{'w': 690, 'h': 480, 'resized_w': 1216, 'resized_h': 864, 'tokens': 1026}, {'w': 808, 'h': 682, 'resized_w': 1120, 'resized_h': 928, 'tokens': 1015}]
2026-09-14 16:47:27 [DEBUG] 토큰 사전계산 validation_History_19              items=1 vision=  1036 prompt=  1196 [{'w': 521, 'h': 388, 'resized_w': 1184, 'resized_h': 896, 'tokens': 1036}]
2026-09-14 16:47:27 [DEBUG] 토큰 사전계산 validation_History_20              items=1 vision=  1000 prompt=  1138 [{'w': 689, 'h': 435, 'resized_w': 1280, 'resized_h': 800, 'tokens': 1000}]
2026-09-14 16:47:27 [DEBUG] 토큰 사전계산 validation_History_21              items=1 vision=  1015 prompt=  1129 [{'w': 764, 'h': 628, 'resized_w': 1120, 'resized_h': 928, 'tokens': 1015}]
2026-09-14 16:47:27 [DEBUG] 토큰 사전계산 validation_History_22              items=1 vision=  1023 prompt=  1190 [{'w': 471, 'h': 509, 'resized_w': 992, 'resized_h': 1056, 'tokens': 1023}]
2026-09-14 16:47:27 [DEBUG] 토큰 사전계산 validation_History_23              items=1 vision=  1023 prompt=  1173 [{'w': 638, 'h': 688, 'resized_w': 992, 'resized_h': 1056, 'tokens': 1023}]
2026-09-14 16:47:27 [DEBUG] 토큰 사전계산 validation_History_24              items=1 vision=  1023 prompt=  1178 [{'w': 850, 'h': 918, 'resized_w': 992, 'resized_h': 1056, 'tokens': 1023}]
2026-09-14 16:47:27 [DEBUG] 토큰 사전계산 validation_History_25              items=1 vision=  1000 prompt=  1129 [{'w': 882, 'h': 544, 'resized_w': 1280, 'resized_h': 800, 'tokens': 1000}]
2026-09-14 16:47:27 [DEBUG] 토큰 사전계산 validation_History_26              items=1 vision=  1012 prompt=  1158 [{'w': 928, 'h': 472, 'resized_w': 1408, 'resized_h': 736, 'tokens': 1012}]
2026-09-14 16:47:27 [DEBUG] 토큰 사전계산 validation_History_27              items=1 vision=  1026 prompt=  1179 [{'w': 504, 'h': 354, 'resized_w': 1216, 'resized_h': 864, 'tokens': 1026}]
2026-09-14 16:47:27 [DEBUG] 토큰 사전계산 validation_History_28              items=1 vision=  1015 prompt=  1168 [{'w': 499, 'h': 591, 'resized_w': 928, 'resized_h': 1120, 'tokens': 1015}]
2026-09-14 16:47:27 [DEBUG] 토큰 사전계산 validation_History_29              items=1 vision=  1008 prompt=  1123 [{'w': 916, 'h': 719, 'resized_w': 1152, 'resized_h': 896, 'tokens': 1008}]
2026-09-14 16:47:27 [DEBUG] 토큰 사전계산 validation_History_30              items=1 vision=  1008 prompt=  1202 [{'w': 890, 'h': 514, 'resized_w': 1344, 'resized_h': 768, 'tokens': 1008}]
2026-09-14 16:47:27 [DEBUG] 토큰 사전계산 validation_Literature_1            items=1 vision=  1040 prompt=  1163 [{'w': 591, 'h': 378, 'resized_w': 1280, 'resized_h': 832, 'tokens': 1040}]
2026-09-14 16:47:27 [DEBUG] 토큰 사전계산 validation_Literature_2            items=1 vision=  1008 prompt=  1126 [{'w': 459, 'h': 357, 'resized_w': 1152, 'resized_h': 896, 'tokens': 1008}]
2026-09-14 16:47:27 [DEBUG] 토큰 사전계산 validation_Literature_3            items=1 vision=  1024 prompt=  1143 [{'w': 472, 'h': 480, 'resized_w': 1024, 'resized_h': 1024, 'tokens': 1024}]
2026-09-14 16:47:27 [DEBUG] 토큰 사전계산 validation_Literature_4            items=1 vision=  1036 prompt=  1179 [{'w': 500, 'h': 375, 'resized_w': 1184, 'resized_h': 896, 'tokens': 1036}]
2026-09-14 16:47:27 [DEBUG] 토큰 사전계산 validation_Literature_5            items=4 vision=  4040 prompt=  4142 [{'w': 450, 'h': 650, 'resized_w': 864, 'resized_h': 1216, 'tokens': 1026}, {'w': 420, 'h': 672, 'resized_w': 800, 'resized_h': 1280, 'tokens': 1000}, {'w': 428, 'h': 698, 'resized_w': 800, 'resized_h': 1280, 'tokens': 1000}, {'w': 412, 'h': 628, 'resized_w': 832, 'resized_h': 1248, 'tokens': 1014}]
2026-09-14 16:47:27 [DEBUG] 토큰 사전계산 validation_Literature_6            items=1 vision=  1122 prompt=  1248 [{'w': 1046, 'h': 1089, 'resized_w': 1056, 'resized_h': 1088, 'tokens': 1122}]
2026-09-14 16:47:27 [DEBUG] 토큰 사전계산 validation_Literature_7            items=1 vision=  1024 prompt=  1138 [{'w': 300, 'h': 300, 'resized_w': 1024, 'resized_h': 1024, 'tokens': 1024}]
2026-09-14 16:47:27 [DEBUG] 토큰 사전계산 validation_Literature_8            items=1 vision=  1012 prompt=  1146 [{'w': 1200, 'h': 630, 'resized_w': 1408, 'resized_h': 736, 'tokens': 1012}]
2026-09-14 16:47:27 [DEBUG] 토큰 사전계산 validation_Literature_9            items=1 vision=  1012 prompt=  1121 [{'w': 974, 'h': 454, 'resized_w': 1472, 'resized_h': 704, 'tokens': 1012}]
2026-09-14 16:47:27 [DEBUG] 토큰 사전계산 validation_Literature_10           items=1 vision=   986 prompt=  1105 [{'w': 340, 'h': 291, 'resized_w': 1088, 'resized_h': 928, 'tokens': 986}]
2026-09-14 16:47:27 [DEBUG] 토큰 사전계산 validation_Literature_11           items=1 vision=  1026 prompt=  1153 [{'w': 500, 'h': 353, 'resized_w': 1216, 'resized_h': 864, 'tokens': 1026}]
2026-09-14 16:47:27 [DEBUG] 토큰 사전계산 validation_Literature_12           items=1 vision=  1015 prompt=  1122 [{'w': 500, 'h': 420, 'resized_w': 1120, 'resized_h': 928, 'tokens': 1015}]
2026-09-14 16:47:27 [DEBUG] 토큰 사전계산 validation_Literature_13           items=1 vision=  1014 prompt=  1134 [{'w': 400, 'h': 615, 'resized_w': 832, 'resized_h': 1248, 'tokens': 1014}]
2026-09-14 16:47:27 [DEBUG] 토큰 사전계산 validation_Literature_14           items=1 vision=  1014 prompt=  1135 [{'w': 500, 'h': 338, 'resized_w': 1248, 'resized_h': 832, 'tokens': 1014}]
2026-09-14 16:47:27 [DEBUG] 토큰 사전계산 validation_Literature_15           items=1 vision=  1036 prompt=  1169 [{'w': 500, 'h': 375, 'resized_w': 1184, 'resized_h': 896, 'tokens': 1036}]
2026-09-14 16:47:27 [DEBUG] 토큰 사전계산 validation_Literature_16           items=1 vision=  1026 prompt=  1158 [{'w': 480, 'h': 335, 'resized_w': 1216, 'resized_h': 864, 'tokens': 1026}]
2026-09-14 16:47:27 [DEBUG] 토큰 사전계산 validation_Literature_17           items=1 vision=   986 prompt=  1135 [{'w': 500, 'h': 426, 'resized_w': 1088, 'resized_h': 928, 'tokens': 986}]
2026-09-14 16:47:27 [DEBUG] 토큰 사전계산 validation_Literature_18           items=1 vision=  1014 prompt=  1140 [{'w': 267, 'h': 400, 'resized_w': 832, 'resized_h': 1248, 'tokens': 1014}]
2026-09-14 16:47:27 [DEBUG] 토큰 사전계산 validation_Literature_19           items=1 vision=  1040 prompt=  1152 [{'w': 500, 'h': 320, 'resized_w': 1280, 'resized_h': 832, 'tokens': 1040}]
2026-09-14 16:47:27 [DEBUG] 토큰 사전계산 validation_Literature_20           items=1 vision=  1026 prompt=  1151 [{'w': 812, 'h': 1144, 'resized_w': 864, 'resized_h': 1216, 'tokens': 1026}]
2026-09-14 16:47:27 [DEBUG] 토큰 사전계산 validation_Literature_21           items=1 vision=  1156 prompt=  1274 [{'w': 1091, 'h': 1104, 'resized_w': 1088, 'resized_h': 1088, 'tokens': 1156}]
2026-09-14 16:47:27 [DEBUG] 토큰 사전계산 validation_Literature_22           items=1 vision=   992 prompt=  1104 [{'w': 900, 'h': 865, 'resized_w': 1024, 'resized_h': 992, 'tokens': 992}]
2026-09-14 16:47:27 [DEBUG] 토큰 사전계산 validation_Literature_23           items=1 vision=  1026 prompt=  1134 [{'w': 171, 'h': 240, 'resized_w': 864, 'resized_h': 1216, 'tokens': 1026}]
2026-09-14 16:47:27 [DEBUG] 토큰 사전계산 validation_Literature_24           items=1 vision=  1020 prompt=  1133 [{'w': 400, 'h': 357, 'resized_w': 1088, 'resized_h': 960, 'tokens': 1020}]
2026-09-14 16:47:27 [DEBUG] 토큰 사전계산 validation_Literature_25           items=1 vision=  1026 prompt=  1152 [{'w': 500, 'h': 352, 'resized_w': 1216, 'resized_h': 864, 'tokens': 1026}]
2026-09-14 16:47:27 [DEBUG] 토큰 사전계산 validation_Literature_26           items=1 vision=  1023 prompt=  1138 [{'w': 443, 'h': 416, 'resized_w': 1056, 'resized_h': 992, 'tokens': 1023}]
2026-09-14 16:47:27 [DEBUG] 토큰 사전계산 validation_Literature_27           items=1 vision=  1036 prompt=  1154 [{'w': 537, 'h': 405, 'resized_w': 1184, 'resized_h': 896, 'tokens': 1036}]
2026-09-14 16:47:27 [DEBUG] 토큰 사전계산 validation_Literature_28           items=1 vision=  3869 prompt=  4006 [{'w': 2511, 'h': 1843, 'resized_w': 2336, 'resized_h': 1696, 'tokens': 3869}]
2026-09-14 16:47:27 [DEBUG] 토큰 사전계산 validation_Literature_29           items=1 vision=  1000 prompt=  1109 [{'w': 500, 'h': 314, 'resized_w': 1280, 'resized_h': 800, 'tokens': 1000}]
2026-09-14 16:47:27 [DEBUG] 토큰 사전계산 validation_Literature_30           items=1 vision=  1014 prompt=  1129 [{'w': 499, 'h': 323, 'resized_w': 1248, 'resized_h': 832, 'tokens': 1014}]
2026-09-14 16:47:27 [DEBUG] 토큰 사전계산 validation_Manage_1                items=1 vision=  1023 prompt=  1178 [{'w': 452, 'h': 484, 'resized_w': 992, 'resized_h': 1056, 'tokens': 1023}]
2026-09-14 16:47:27 [DEBUG] 토큰 사전계산 validation_Manage_2                items=1 vision=   999 prompt=  1117 [{'w': 576, 'h': 421, 'resized_w': 1184, 'resized_h': 864, 'tokens': 999}]
2026-09-14 16:47:27 [DEBUG] 토큰 사전계산 validation_Manage_3                items=1 vision=  1056 prompt=  1309 [{'w': 740, 'h': 170, 'resized_w': 2112, 'resized_h': 512, 'tokens': 1056}]
2026-09-14 16:47:27 [DEBUG] 토큰 사전계산 validation_Manage_4                items=1 vision=  1032 prompt=  1228 [{'w': 566, 'h': 76, 'resized_w': 2752, 'resized_h': 384, 'tokens': 1032}]
2026-09-14 16:47:27 [DEBUG] 토큰 사전계산 validation_Manage_5                items=1 vision=  1020 prompt=  1204 [{'w': 378, 'h': 332, 'resized_w': 1088, 'resized_h': 960, 'tokens': 1020}]
2026-09-14 16:47:27 [DEBUG] 토큰 사전계산 validation_Manage_6                items=1 vision=  1008 prompt=  1125 [{'w': 567, 'h': 448, 'resized_w': 1152, 'resized_h': 896, 'tokens': 1008}]
2026-09-14 16:47:27 [DEBUG] 토큰 사전계산 validation_Manage_7                items=1 vision=   999 prompt=  1130 [{'w': 447, 'h': 324, 'resized_w': 1184, 'resized_h': 864, 'tokens': 999}]
2026-09-14 16:47:27 [DEBUG] 토큰 사전계산 validation_Manage_8                items=1 vision=   999 prompt=  1144 [{'w': 1030, 'h': 742, 'resized_w': 1184, 'resized_h': 864, 'tokens': 999}]
2026-09-14 16:47:27 [DEBUG] 토큰 사전계산 validation_Manage_9                items=1 vision=  1152 prompt=  1329 [{'w': 1040, 'h': 1146, 'resized_w': 1024, 'resized_h': 1152, 'tokens': 1152}]
2026-09-14 16:47:27 [DEBUG] 토큰 사전계산 validation_Manage_10               items=1 vision=  1026 prompt=  1167 [{'w': 640, 'h': 443, 'resized_w': 1216, 'resized_h': 864, 'tokens': 1026}]
2026-09-14 16:47:27 [DEBUG] 토큰 사전계산 validation_Manage_11               items=1 vision=  1025 prompt=  1144 [{'w': 571, 'h': 342, 'resized_w': 1312, 'resized_h': 800, 'tokens': 1025}]
2026-09-14 16:47:27 [DEBUG] 토큰 사전계산 validation_Manage_12               items=1 vision=  1000 prompt=  1480 [{'w': 1022, 'h': 649, 'resized_w': 1280, 'resized_h': 800, 'tokens': 1000}]
2026-09-14 16:47:27 [DEBUG] 토큰 사전계산 validation_Manage_13               items=1 vision=  1005 prompt=  1264 [{'w': 921, 'h': 204, 'resized_w': 2144, 'resized_h': 480, 'tokens': 1005}]
2026-09-14 16:47:27 [DEBUG] 토큰 사전계산 validation_Manage_14               items=1 vision=  1020 prompt=  1223 [{'w': 361, 'h': 320, 'resized_w': 1088, 'resized_h': 960, 'tokens': 1020}]
2026-09-14 16:47:27 [DEBUG] 토큰 사전계산 validation_Manage_15               items=1 vision=  1014 prompt=  1141 [{'w': 547, 'h': 356, 'resized_w': 1248, 'resized_h': 832, 'tokens': 1014}]
2026-09-14 16:47:27 [DEBUG] 토큰 사전계산 validation_Manage_16               items=1 vision=  1032 prompt=  1516 [{'w': 1109, 'h': 602, 'resized_w': 1376, 'resized_h': 768, 'tokens': 1032}]
2026-09-14 16:47:27 [DEBUG] 토큰 사전계산 validation_Manage_17               items=1 vision=  1054 prompt=  1155 [{'w': 506, 'h': 133, 'resized_w': 1984, 'resized_h': 544, 'tokens': 1054}]
2026-09-14 16:47:27 [DEBUG] 토큰 사전계산 validation_Manage_18               items=1 vision=  1014 prompt=  1164 [{'w': 485, 'h': 326, 'resized_w': 1248, 'resized_h': 832, 'tokens': 1014}]
2026-09-14 16:47:27 [DEBUG] 토큰 사전계산 validation_Manage_19               items=1 vision=  1024 prompt=  1181 [{'w': 288, 'h': 291, 'resized_w': 1024, 'resized_h': 1024, 'tokens': 1024}]
2026-09-14 16:47:27 [DEBUG] 토큰 사전계산 validation_Manage_20               items=2 vision=  2081 prompt=  2234 [{'w': 611, 'h': 182, 'resized_w': 1856, 'resized_h': 576, 'tokens': 1044}, {'w': 500, 'h': 135, 'resized_w': 1952, 'resized_h': 544, 'tokens': 1037}]
2026-09-14 16:47:27 [DEBUG] 토큰 사전계산 validation_Manage_21               items=1 vision=  1007 prompt=  1070 [{'w': 835, 'h': 293, 'resized_w': 1696, 'resized_h': 608, 'tokens': 1007}]
2026-09-14 16:47:27 [DEBUG] 토큰 사전계산 validation_Manage_22               items=1 vision=  1020 prompt=  1181 [{'w': 549, 'h': 486, 'resized_w': 1088, 'resized_h': 960, 'tokens': 1020}]
2026-09-14 16:47:27 [DEBUG] 토큰 사전계산 validation_Manage_23               items=1 vision=   987 prompt=  1049 [{'w': 500, 'h': 225, 'resized_w': 1504, 'resized_h': 672, 'tokens': 987}]
2026-09-14 16:47:27 [DEBUG] 토큰 사전계산 validation_Manage_24               items=1 vision=   999 prompt=  1158 [{'w': 1052, 'h': 754, 'resized_w': 1184, 'resized_h': 864, 'tokens': 999}]
2026-09-14 16:47:27 [DEBUG] 토큰 사전계산 validation_Manage_25               items=1 vision=  1008 prompt=  1116 [{'w': 582, 'h': 253, 'resized_w': 1536, 'resized_h': 672, 'tokens': 1008}]
2026-09-14 16:47:27 [DEBUG] 토큰 사전계산 validation_Manage_26               items=1 vision=  1012 prompt=  1257 [{'w': 591, 'h': 307, 'resized_w': 1408, 'resized_h': 736, 'tokens': 1012}]
2026-09-14 16:47:27 [DEBUG] 토큰 사전계산 validation_Manage_27               items=1 vision=  1026 prompt=  1176 [{'w': 372, 'h': 524, 'resized_w': 864, 'resized_h': 1216, 'tokens': 1026}]
2026-09-14 16:47:27 [DEBUG] 토큰 사전계산 validation_Manage_28               items=1 vision=   999 prompt=  1116 [{'w': 600, 'h': 439, 'resized_w': 1184, 'resized_h': 864, 'tokens': 999}]
2026-09-14 16:47:27 [DEBUG] 토큰 사전계산 validation_Manage_29               items=1 vision=  1000 prompt=  1495 [{'w': 1022, 'h': 649, 'resized_w': 1280, 'resized_h': 800, 'tokens': 1000}]
2026-09-14 16:47:27 [DEBUG] 토큰 사전계산 validation_Manage_30               items=1 vision=  1026 prompt=  1245 [{'w': 1065, 'h': 748, 'resized_w': 1216, 'resized_h': 864, 'tokens': 1026}]
2026-09-14 16:47:27 [DEBUG] 토큰 사전계산 validation_Marketing_1             items=1 vision=  1026 prompt=  1185 [{'w': 1270, 'h': 427, 'resized_w': 1728, 'resized_h': 608, 'tokens': 1026}]
2026-09-14 16:47:27 [DEBUG] 토큰 사전계산 validation_Marketing_2             items=1 vision=  1007 prompt=  1144 [{'w': 1275, 'h': 445, 'resized_w': 1696, 'resized_h': 608, 'tokens': 1007}]
2026-09-14 16:47:27 [DEBUG] 토큰 사전계산 validation_Marketing_3             items=1 vision=  1026 prompt=  1259 [{'w': 1227, 'h': 373, 'resized_w': 1824, 'resized_h': 576, 'tokens': 1026}]
2026-09-14 16:47:27 [DEBUG] 토큰 사전계산 validation_Marketing_4             items=1 vision=  1008 prompt=  1109 [{'w': 598, 'h': 342, 'resized_w': 1344, 'resized_h': 768, 'tokens': 1008}]
2026-09-14 16:47:27 [DEBUG] 토큰 사전계산 validation_Marketing_5             items=1 vision=  1020 prompt=  1162 [{'w': 1273, 'h': 484, 'resized_w': 1632, 'resized_h': 640, 'tokens': 1020}]
2026-09-14 16:47:27 [DEBUG] 토큰 사전계산 validation_Marketing_6             items=1 vision=  1008 prompt=  1172 [{'w': 1237, 'h': 711, 'resized_w': 1344, 'resized_h': 768, 'tokens': 1008}]
2026-09-14 16:47:27 [DEBUG] 토큰 사전계산 validation_Marketing_7             items=1 vision=  1044 prompt=  1244 [{'w': 1267, 'h': 382, 'resized_w': 1856, 'resized_h': 576, 'tokens': 1044}]
2026-09-14 16:47:27 [DEBUG] 토큰 사전계산 validation_Marketing_8             items=1 vision=  1008 prompt=  1114 [{'w': 654, 'h': 370, 'resized_w': 1344, 'resized_h': 768, 'tokens': 1008}]
2026-09-14 16:47:27 [DEBUG] 토큰 사전계산 validation_Marketing_9             items=1 vision=  1024 prompt=  1175 [{'w': 1264, 'h': 304, 'resized_w': 2048, 'resized_h': 512, 'tokens': 1024}]
2026-09-14 16:47:27 [DEBUG] 토큰 사전계산 validation_Marketing_10            items=1 vision=  1000 prompt=  1168 [{'w': 1231, 'h': 486, 'resized_w': 1600, 'resized_h': 640, 'tokens': 1000}]
2026-09-14 16:47:27 [DEBUG] 토큰 사전계산 validation_Marketing_11            items=1 vision=  1000 prompt=  1119 [{'w': 1228, 'h': 501, 'resized_w': 1600, 'resized_h': 640, 'tokens': 1000}]
2026-09-14 16:47:27 [DEBUG] 토큰 사전계산 validation_Marketing_12            items=1 vision=  1008 prompt=  1167 [{'w': 1243, 'h': 724, 'resized_w': 1344, 'resized_h': 768, 'tokens': 1008}]
2026-09-14 16:47:27 [DEBUG] 토큰 사전계산 validation_Marketing_13            items=1 vision=  1040 prompt=  1197 [{'w': 1389, 'h': 517, 'resized_w': 1664, 'resized_h': 640, 'tokens': 1040}]
2026-09-14 16:47:27 [DEBUG] 토큰 사전계산 validation_Marketing_14            items=1 vision=   990 prompt=  1182 [{'w': 511, 'h': 465, 'resized_w': 1056, 'resized_h': 960, 'tokens': 990}]
2026-09-14 16:47:27 [DEBUG] 토큰 사전계산 validation_Marketing_15            items=1 vision=   992 prompt=  1187 [{'w': 1225, 'h': 315, 'resized_w': 1984, 'resized_h': 512, 'tokens': 992}]
2026-09-14 16:47:27 [DEBUG] 토큰 사전계산 validation_Marketing_16            items=1 vision=  1026 prompt=  1181 [{'w': 1218, 'h': 423, 'resized_w': 1728, 'resized_h': 608, 'tokens': 1026}]
2026-09-14 16:47:27 [DEBUG] 토큰 사전계산 validation_Marketing_17            items=1 vision=   990 prompt=  1174 [{'w': 1225, 'h': 601, 'resized_w': 1440, 'resized_h': 704, 'tokens': 990}]
2026-09-14 16:47:27 [DEBUG] 토큰 사전계산 validation_Marketing_18            items=1 vision=  1008 prompt=  1165 [{'w': 1243, 'h': 724, 'resized_w': 1344, 'resized_h': 768, 'tokens': 1008}]
2026-09-14 16:47:27 [DEBUG] 토큰 사전계산 validation_Marketing_19            items=1 vision=  1008 prompt=  1194 [{'w': 1215, 'h': 303, 'resized_w': 2016, 'resized_h': 512, 'tokens': 1008}]
2026-09-14 16:47:27 [DEBUG] 토큰 사전계산 validation_Marketing_20            items=1 vision=  1032 prompt=  1228 [{'w': 744, 'h': 410, 'resized_w': 1376, 'resized_h': 768, 'tokens': 1032}]
2026-09-14 16:47:27 [DEBUG] 토큰 사전계산 validation_Marketing_21            items=1 vision=  1026 prompt=  1162 [{'w': 1270, 'h': 427, 'resized_w': 1728, 'resized_h': 608, 'tokens': 1026}]
2026-09-14 16:47:27 [DEBUG] 토큰 사전계산 validation_Marketing_22            items=1 vision=  1035 prompt=  1221 [{'w': 1269, 'h': 262, 'resized_w': 2208, 'resized_h': 480, 'tokens': 1035}]
2026-09-14 16:47:27 [DEBUG] 토큰 사전계산 validation_Marketing_23            items=1 vision=  1012 prompt=  1191 [{'w': 1216, 'h': 616, 'resized_w': 1408, 'resized_h': 736, 'tokens': 1012}]
2026-09-14 16:47:27 [DEBUG] 토큰 사전계산 validation_Marketing_24            items=1 vision=   990 prompt=  1149 [{'w': 1233, 'h': 601, 'resized_w': 1440, 'resized_h': 704, 'tokens': 990}]
2026-09-14 16:47:27 [DEBUG] 토큰 사전계산 validation_Marketing_25            items=1 vision=  1008 prompt=  1222 [{'w': 1207, 'h': 171, 'resized_w': 2688, 'resized_h': 384, 'tokens': 1008}]
2026-09-14 16:47:27 [DEBUG] 토큰 사전계산 validation_Marketing_26            items=1 vision=  1024 prompt=  1158 [{'w': 1287, 'h': 316, 'resized_w': 2048, 'resized_h': 512, 'tokens': 1024}]
2026-09-14 16:47:27 [DEBUG] 토큰 사전계산 validation_Marketing_27            items=1 vision=  1032 prompt=  1239 [{'w': 744, 'h': 409, 'resized_w': 1376, 'resized_h': 768, 'tokens': 1032}]
2026-09-14 16:47:27 [DEBUG] 토큰 사전계산 validation_Marketing_28            items=1 vision=  1008 prompt=  1116 [{'w': 654, 'h': 370, 'resized_w': 1344, 'resized_h': 768, 'tokens': 1008}]
2026-09-14 16:47:27 [DEBUG] 토큰 사전계산 validation_Marketing_29            items=1 vision=  1026 prompt=  1194 [{'w': 1285, 'h': 433, 'resized_w': 1728, 'resized_h': 608, 'tokens': 1026}]
2026-09-14 16:47:27 [DEBUG] 토큰 사전계산 validation_Marketing_30            items=1 vision=  1012 prompt=  1125 [{'w': 556, 'h': 268, 'resized_w': 1472, 'resized_h': 704, 'tokens': 1012}]
2026-09-14 16:47:27 [DEBUG] 토큰 사전계산 validation_Materials_1             items=1 vision=  1015 prompt=  1125 [{'w': 279, 'h': 232, 'resized_w': 1120, 'resized_h': 928, 'tokens': 1015}]
2026-09-14 16:47:27 [DEBUG] 토큰 사전계산 validation_Materials_2             items=1 vision=  1020 prompt=  1189 [{'w': 828, 'h': 229, 'resized_w': 1920, 'resized_h': 544, 'tokens': 1020}]
2026-09-14 16:47:27 [DEBUG] 토큰 사전계산 validation_Materials_3             items=1 vision=  1000 prompt=  1138 [{'w': 697, 'h': 432, 'resized_w': 1280, 'resized_h': 800, 'tokens': 1000}]
2026-09-14 16:47:27 [DEBUG] 토큰 사전계산 validation_Materials_4             items=1 vision=   990 prompt=  1117 [{'w': 358, 'h': 324, 'resized_w': 1056, 'resized_h': 960, 'tokens': 990}]
2026-09-14 16:47:27 [DEBUG] 토큰 사전계산 validation_Materials_5             items=1 vision=  1023 prompt=  1197 [{'w': 603, 'h': 649, 'resized_w': 992, 'resized_h': 1056, 'tokens': 1023}]
2026-09-14 16:47:27 [DEBUG] 토큰 사전계산 validation_Materials_6             items=1 vision=   992 prompt=  1137 [{'w': 285, 'h': 273, 'resized_w': 1024, 'resized_h': 992, 'tokens': 992}]
2026-09-14 16:47:27 [DEBUG] 토큰 사전계산 validation_Materials_7             items=1 vision=   986 prompt=  1182 [{'w': 412, 'h': 483, 'resized_w': 928, 'resized_h': 1088, 'tokens': 986}]
2026-09-14 16:47:27 [DEBUG] 토큰 사전계산 validation_Materials_8             items=1 vision=  1014 prompt=  1163 [{'w': 1045, 'h': 171, 'resized_w': 2496, 'resized_h': 416, 'tokens': 1014}]
2026-09-14 16:47:27 [DEBUG] 토큰 사전계산 validation_Materials_9             items=1 vision=  1034 prompt=  1187 [{'w': 576, 'h': 262, 'resized_w': 1504, 'resized_h': 704, 'tokens': 1034}]
2026-09-14 16:47:27 [DEBUG] 토큰 사전계산 validation_Materials_10            items=4 vision=  4022 prompt=  4159 [{'w': 364, 'h': 331, 'resized_w': 1056, 'resized_h': 960, 'tokens': 990}, {'w': 382, 'h': 334, 'resized_w': 1088, 'resized_h': 960, 'tokens': 1020}, {'w': 372, 'h': 361, 'resized_w': 1024, 'resized_h': 992, 'tokens': 992}, {'w': 384, 'h': 343, 'resized_w': 1088, 'resized_h': 960, 'tokens': 1020}]
2026-09-14 16:47:27 [DEBUG] 토큰 사전계산 validation_Materials_11            items=1 vision=  1015 prompt=  1159 [{'w': 726, 'h': 597, 'resized_w': 1120, 'resized_h': 928, 'tokens': 1015}]
2026-09-14 16:47:27 [DEBUG] 토큰 사전계산 validation_Materials_12            items=1 vision=  1012 prompt=  1191 [{'w': 615, 'h': 322, 'resized_w': 1408, 'resized_h': 736, 'tokens': 1012}]
2026-09-14 16:47:27 [DEBUG] 토큰 사전계산 validation_Materials_13            items=1 vision=   999 prompt=  1167 [{'w': 631, 'h': 468, 'resized_w': 1184, 'resized_h': 864, 'tokens': 999}]
2026-09-14 16:47:27 [DEBUG] 토큰 사전계산 validation_Materials_14            items=1 vision=  1000 prompt=  1138 [{'w': 466, 'h': 294, 'resized_w': 1280, 'resized_h': 800, 'tokens': 1000}]
2026-09-14 16:47:27 [DEBUG] 토큰 사전계산 validation_Materials_15            items=1 vision=  1020 prompt=  1188 [{'w': 493, 'h': 429, 'resized_w': 1088, 'resized_h': 960, 'tokens': 1020}]
2026-09-14 16:47:27 [DEBUG] 토큰 사전계산 validation_Materials_16            items=1 vision=   990 prompt=  1150 [{'w': 621, 'h': 687, 'resized_w': 960, 'resized_h': 1056, 'tokens': 990}]
2026-09-14 16:47:27 [DEBUG] 토큰 사전계산 validation_Materials_17            items=1 vision=  1008 prompt=  1194 [{'w': 759, 'h': 603, 'resized_w': 1152, 'resized_h': 896, 'tokens': 1008}]
2026-09-14 16:47:27 [DEBUG] 토큰 사전계산 validation_Materials_18            items=1 vision=  1015 prompt=  1234 [{'w': 531, 'h': 630, 'resized_w': 928, 'resized_h': 1120, 'tokens': 1015}]
2026-09-14 16:47:27 [DEBUG] 토큰 사전계산 validation_Materials_19            items=1 vision=  1008 prompt=  1167 [{'w': 637, 'h': 499, 'resized_w': 1152, 'resized_h': 896, 'tokens': 1008}]
2026-09-14 16:47:27 [DEBUG] 토큰 사전계산 validation_Materials_20            items=1 vision=   990 prompt=  1155 [{'w': 463, 'h': 508, 'resized_w': 960, 'resized_h': 1056, 'tokens': 990}]
2026-09-14 16:47:27 [DEBUG] 토큰 사전계산 validation_Materials_21            items=1 vision=  1008 prompt=  1219 [{'w': 763, 'h': 330, 'resized_w': 1536, 'resized_h': 672, 'tokens': 1008}]
2026-09-14 16:47:27 [DEBUG] 토큰 사전계산 validation_Materials_22            items=1 vision=   999 prompt=  1162 [{'w': 580, 'h': 429, 'resized_w': 1184, 'resized_h': 864, 'tokens': 999}]
2026-09-14 16:47:27 [DEBUG] 토큰 사전계산 validation_Materials_23            items=1 vision=  1023 prompt=  1188 [{'w': 612, 'h': 576, 'resized_w': 1056, 'resized_h': 992, 'tokens': 1023}]
2026-09-14 16:47:27 [DEBUG] 토큰 사전계산 validation_Materials_24            items=1 vision=   999 prompt=  1172 [{'w': 304, 'h': 219, 'resized_w': 1184, 'resized_h': 864, 'tokens': 999}]
2026-09-14 16:47:27 [DEBUG] 토큰 사전계산 validation_Materials_25            items=1 vision=  1066 prompt=  1219 [{'w': 1026, 'h': 153, 'resized_w': 2624, 'resized_h': 416, 'tokens': 1066}]
2026-09-14 16:47:27 [DEBUG] 토큰 사전계산 validation_Materials_26            items=1 vision=  1035 prompt=  1204 [{'w': 793, 'h': 397, 'resized_w': 1440, 'resized_h': 736, 'tokens': 1035}]
2026-09-14 16:47:27 [DEBUG] 토큰 사전계산 validation_Materials_27            items=1 vision=   990 prompt=  1129 [{'w': 262, 'h': 802, 'resized_w': 576, 'resized_h': 1760, 'tokens': 990}]
2026-09-14 16:47:27 [DEBUG] 토큰 사전계산 validation_Materials_28            items=4 vision=  4072 prompt=  4222 [{'w': 366, 'h': 285, 'resized_w': 1152, 'resized_h': 896, 'tokens': 1008}, {'w': 418, 'h': 280, 'resized_w': 1248, 'resized_h': 832, 'tokens': 1014}, {'w': 369, 'h': 276, 'resized_w': 1184, 'resized_h': 896, 'tokens': 1036}, {'w': 703, 'h': 472, 'resized_w': 1248, 'resized_h': 832, 'tokens': 1014}]
2026-09-14 16:47:27 [DEBUG] 토큰 사전계산 validation_Materials_29            items=1 vision=  1036 prompt=  1156 [{'w': 1018, 'h': 186, 'resized_w': 2368, 'resized_h': 448, 'tokens': 1036}]
2026-09-14 16:47:27 [DEBUG] 토큰 사전계산 validation_Materials_30            items=1 vision=  1015 prompt=  1179 [{'w': 483, 'h': 594, 'resized_w': 928, 'resized_h': 1120, 'tokens': 1015}]
2026-09-14 16:47:27 [DEBUG] 토큰 사전계산 validation_Math_1                  items=1 vision=   988 prompt=  1116 [{'w': 808, 'h': 550, 'resized_w': 1216, 'resized_h': 832, 'tokens': 988}]
2026-09-14 16:47:27 [DEBUG] 토큰 사전계산 validation_Math_2                  items=1 vision=  1000 prompt=  1177 [{'w': 430, 'h': 173, 'resized_w': 1600, 'resized_h': 640, 'tokens': 1000}]
2026-09-14 16:47:27 [DEBUG] 토큰 사전계산 validation_Math_3                  items=3 vision=  3072 prompt=  3167 [{'w': 406, 'h': 399, 'resized_w': 1024, 'resized_h': 1024, 'tokens': 1024}, {'w': 406, 'h': 414, 'resized_w': 1024, 'resized_h': 1024, 'tokens': 1024}, {'w': 411, 'h': 406, 'resized_w': 1024, 'resized_h': 1024, 'tokens': 1024}]
2026-09-14 16:47:27 [DEBUG] 토큰 사전계산 validation_Math_4                  items=1 vision=  1020 prompt=  1142 [{'w': 325, 'h': 371, 'resized_w': 960, 'resized_h': 1088, 'tokens': 1020}]
2026-09-14 16:47:27 [DEBUG] 토큰 사전계산 validation_Math_5                  items=1 vision=  1024 prompt=  1208 [{'w': 584, 'h': 586, 'resized_w': 1024, 'resized_h': 1024, 'tokens': 1024}]
2026-09-14 16:47:27 [DEBUG] 토큰 사전계산 validation_Math_6                  items=1 vision=  1023 prompt=  1185 [{'w': 667, 'h': 624, 'resized_w': 1056, 'resized_h': 992, 'tokens': 1023}]
2026-09-14 16:47:27 [DEBUG] 토큰 사전계산 validation_Math_7                  items=1 vision=  1786 prompt=  1978 [{'w': 1498, 'h': 1224, 'resized_w': 1504, 'resized_h': 1216, 'tokens': 1786}]
2026-09-14 16:47:27 [DEBUG] 토큰 사전계산 validation_Math_8                  items=1 vision=  1008 prompt=  1352 [{'w': 519, 'h': 302, 'resized_w': 1344, 'resized_h': 768, 'tokens': 1008}]
2026-09-14 16:47:27 [DEBUG] 토큰 사전계산 validation_Math_9                  items=1 vision=   992 prompt=  1072 [{'w': 449, 'h': 459, 'resized_w': 992, 'resized_h': 1024, 'tokens': 992}]
2026-09-14 16:47:27 [DEBUG] 토큰 사전계산 validation_Math_10                 items=1 vision=  1025 prompt=  1142 [{'w': 416, 'h': 249, 'resized_w': 1312, 'resized_h': 800, 'tokens': 1025}]
2026-09-14 16:47:27 [DEBUG] 토큰 사전계산 validation_Math_11                 items=1 vision=  1026 prompt=  1138 [{'w': 210, 'h': 146, 'resized_w': 1216, 'resized_h': 864, 'tokens': 1026}]
2026-09-14 16:47:27 [DEBUG] 토큰 사전계산 validation_Math_12                 items=1 vision=  1007 prompt=  1290 [{'w': 460, 'h': 161, 'resized_w': 1696, 'resized_h': 608, 'tokens': 1007}]
2026-09-14 16:47:27 [DEBUG] 토큰 사전계산 validation_Math_13                 items=1 vision=   992 prompt=  1174 [{'w': 502, 'h': 491, 'resized_w': 1024, 'resized_h': 992, 'tokens': 992}]
2026-09-14 16:47:27 [DEBUG] 토큰 사전계산 validation_Math_14                 items=1 vision=  1035 prompt=  1204 [{'w': 514, 'h': 260, 'resized_w': 1440, 'resized_h': 736, 'tokens': 1035}]
2026-09-14 16:47:27 [DEBUG] 토큰 사전계산 validation_Math_15                 items=1 vision=  1032 prompt=  1134 [{'w': 489, 'h': 267, 'resized_w': 1376, 'resized_h': 768, 'tokens': 1032}]
2026-09-14 16:47:27 [DEBUG] 토큰 사전계산 validation_Math_16                 items=1 vision=  1000 prompt=  1167 [{'w': 465, 'h': 286, 'resized_w': 1280, 'resized_h': 800, 'tokens': 1000}]
2026-09-14 16:47:27 [DEBUG] 토큰 사전계산 validation_Math_17                 items=1 vision=  1026 prompt=  1232 [{'w': 555, 'h': 396, 'resized_w': 1216, 'resized_h': 864, 'tokens': 1026}]
2026-09-14 16:47:27 [DEBUG] 토큰 사전계산 validation_Math_18                 items=1 vision=  1024 prompt=  1126 [{'w': 636, 'h': 626, 'resized_w': 1024, 'resized_h': 1024, 'tokens': 1024}]
2026-09-14 16:47:27 [DEBUG] 토큰 사전계산 validation_Math_19                 items=5 vision=  5024 prompt=  5331 [{'w': 441, 'h': 256, 'resized_w': 1344, 'resized_h': 768, 'tokens': 1008}, {'w': 371, 'h': 234, 'resized_w': 1280, 'resized_h': 800, 'tokens': 1000}, {'w': 441, 'h': 256, 'resized_w': 1344, 'resized_h': 768, 'tokens': 1008}, {'w': 441, 'h': 256, 'resized_w': 1344, 'resized_h': 768, 'tokens': 1008}, {'w': 371, 'h': 234, 'resized_w': 1280, 'resized_h': 800, 'tokens': 1000}]
2026-09-14 16:47:27 [DEBUG] 토큰 사전계산 validation_Math_20                 items=1 vision=  1007 prompt=  1221 [{'w': 510, 'h': 179, 'resized_w': 1696, 'resized_h': 608, 'tokens': 1007}]
2026-09-14 16:47:27 [DEBUG] 토큰 사전계산 validation_Math_21                 items=1 vision=  1012 prompt=  1195 [{'w': 522, 'h': 270, 'resized_w': 1408, 'resized_h': 736, 'tokens': 1012}]
2026-09-14 16:47:27 [DEBUG] 토큰 사전계산 validation_Math_22                 items=1 vision=   989 prompt=  1243 [{'w': 1004, 'h': 537, 'resized_w': 1376, 'resized_h': 736, 'tokens': 989}]
2026-09-14 16:47:27 [DEBUG] 토큰 사전계산 validation_Math_23                 items=1 vision=  1012 prompt=  1187 [{'w': 541, 'h': 286, 'resized_w': 1408, 'resized_h': 736, 'tokens': 1012}]
2026-09-14 16:47:27 [DEBUG] 토큰 사전계산 validation_Math_24                 items=1 vision=  1008 prompt=  1153 [{'w': 463, 'h': 361, 'resized_w': 1152, 'resized_h': 896, 'tokens': 1008}]
2026-09-14 16:47:27 [DEBUG] 토큰 사전계산 validation_Math_25                 items=1 vision=  1015 prompt=  1297 [{'w': 400, 'h': 496, 'resized_w': 928, 'resized_h': 1120, 'tokens': 1015}]
2026-09-14 16:47:27 [DEBUG] 토큰 사전계산 validation_Math_26                 items=1 vision=   999 prompt=  1178 [{'w': 564, 'h': 416, 'resized_w': 1184, 'resized_h': 864, 'tokens': 999}]
2026-09-14 16:47:27 [DEBUG] 토큰 사전계산 validation_Math_27                 items=1 vision=   992 prompt=  1152 [{'w': 474, 'h': 458, 'resized_w': 1024, 'resized_h': 992, 'tokens': 992}]
2026-09-14 16:47:27 [DEBUG] 토큰 사전계산 validation_Math_28                 items=1 vision=  1015 prompt=  1097 [{'w': 329, 'h': 391, 'resized_w': 928, 'resized_h': 1120, 'tokens': 1015}]
2026-09-14 16:47:27 [DEBUG] 토큰 사전계산 validation_Math_29                 items=1 vision=  1007 prompt=  1174 [{'w': 546, 'h': 196, 'resized_w': 1696, 'resized_h': 608, 'tokens': 1007}]
2026-09-14 16:47:27 [DEBUG] 토큰 사전계산 validation_Math_30                 items=1 vision=  1023 prompt=  1218 [{'w': 553, 'h': 529, 'resized_w': 1056, 'resized_h': 992, 'tokens': 1023}]
2026-09-14 16:47:27 [DEBUG] 토큰 사전계산 validation_Mechanical_Engineering_1 items=1 vision=  1000 prompt=  1103 [{'w': 337, 'h': 214, 'resized_w': 1280, 'resized_h': 800, 'tokens': 1000}]
2026-09-14 16:47:27 [DEBUG] 토큰 사전계산 validation_Mechanical_Engineering_2 items=1 vision=  1054 prompt=  1152 [{'w': 416, 'h': 109, 'resized_w': 1984, 'resized_h': 544, 'tokens': 1054}]
2026-09-14 16:47:27 [DEBUG] 토큰 사전계산 validation_Mechanical_Engineering_3 items=1 vision=  1012 prompt=  1113 [{'w': 537, 'h': 249, 'resized_w': 1472, 'resized_h': 704, 'tokens': 1012}]
2026-09-14 16:47:27 [DEBUG] 토큰 사전계산 validation_Mechanical_Engineering_4 items=1 vision=  1008 prompt=  1244 [{'w': 545, 'h': 308, 'resized_w': 1344, 'resized_h': 768, 'tokens': 1008}]
2026-09-14 16:47:27 [DEBUG] 토큰 사전계산 validation_Mechanical_Engineering_5 items=1 vision=  1008 prompt=  1119 [{'w': 762, 'h': 336, 'resized_w': 1536, 'resized_h': 672, 'tokens': 1008}]
2026-09-14 16:47:27 [DEBUG] 토큰 사전계산 validation_Mechanical_Engineering_6 items=1 vision=  1000 prompt=  1286 [{'w': 449, 'h': 177, 'resized_w': 1600, 'resized_h': 640, 'tokens': 1000}]
2026-09-14 16:47:27 [DEBUG] 토큰 사전계산 validation_Mechanical_Engineering_7 items=1 vision=  1020 prompt=  1238 [{'w': 285, 'h': 253, 'resized_w': 1088, 'resized_h': 960, 'tokens': 1020}]
2026-09-14 16:47:27 [DEBUG] 토큰 사전계산 validation_Mechanical_Engineering_8 items=1 vision=  1012 prompt=  1172 [{'w': 457, 'h': 219, 'resized_w': 1472, 'resized_h': 704, 'tokens': 1012}]
2026-09-14 16:47:27 [DEBUG] 토큰 사전계산 validation_Mechanical_Engineering_9 items=1 vision=  1020 prompt=  1203 [{'w': 1077, 'h': 419, 'resized_w': 1632, 'resized_h': 640, 'tokens': 1020}]
2026-09-14 16:47:27 [DEBUG] 토큰 사전계산 validation_Mechanical_Engineering_10 items=1 vision=  1029 prompt=  1191 [{'w': 1290, 'h': 534, 'resized_w': 1568, 'resized_h': 672, 'tokens': 1029}]
2026-09-14 16:47:27 [DEBUG] 토큰 사전계산 validation_Mechanical_Engineering_11 items=1 vision=  1026 prompt=  1189 [{'w': 334, 'h': 113, 'resized_w': 1728, 'resized_h': 608, 'tokens': 1026}]
2026-09-14 16:47:27 [DEBUG] 토큰 사전계산 validation_Mechanical_Engineering_12 items=1 vision=  1034 prompt=  1128 [{'w': 483, 'h': 220, 'resized_w': 1504, 'resized_h': 704, 'tokens': 1034}]
2026-09-14 16:47:27 [DEBUG] 토큰 사전계산 validation_Mechanical_Engineering_13 items=1 vision=  1007 prompt=  1101 [{'w': 553, 'h': 193, 'resized_w': 1696, 'resized_h': 608, 'tokens': 1007}]
2026-09-14 16:47:27 [DEBUG] 토큰 사전계산 validation_Mechanical_Engineering_14 items=1 vision=   986 prompt=  1242 [{'w': 134, 'h': 157, 'resized_w': 928, 'resized_h': 1088, 'tokens': 986}]
2026-09-14 16:47:27 [DEBUG] 토큰 사전계산 validation_Mechanical_Engineering_15 items=1 vision=  1008 prompt=  1102 [{'w': 518, 'h': 221, 'resized_w': 1536, 'resized_h': 672, 'tokens': 1008}]
2026-09-14 16:47:27 [DEBUG] 토큰 사전계산 validation_Mechanical_Engineering_16 items=1 vision=   999 prompt=  1152 [{'w': 566, 'h': 763, 'resized_w': 864, 'resized_h': 1184, 'tokens': 999}]
2026-09-14 16:47:27 [DEBUG] 토큰 사전계산 validation_Mechanical_Engineering_17 items=1 vision=   999 prompt=  1104 [{'w': 292, 'h': 212, 'resized_w': 1184, 'resized_h': 864, 'tokens': 999}]
2026-09-14 16:47:27 [DEBUG] 토큰 사전계산 validation_Mechanical_Engineering_18 items=1 vision=  1020 prompt=  1284 [{'w': 906, 'h': 798, 'resized_w': 1088, 'resized_h': 960, 'tokens': 1020}]
2026-09-14 16:47:27 [DEBUG] 토큰 사전계산 validation_Mechanical_Engineering_19 items=2 vision=  1997 prompt=  2217 [{'w': 711, 'h': 254, 'resized_w': 1696, 'resized_h': 608, 'tokens': 1007}, {'w': 724, 'h': 236, 'resized_w': 1760, 'resized_h': 576, 'tokens': 990}]
2026-09-14 16:47:27 [DEBUG] 토큰 사전계산 validation_Mechanical_Engineering_20 items=1 vision=   990 prompt=  1237 [{'w': 333, 'h': 110, 'resized_w': 1760, 'resized_h': 576, 'tokens': 990}]
2026-09-14 16:47:27 [DEBUG] 토큰 사전계산 validation_Mechanical_Engineering_21 items=1 vision=   990 prompt=  1245 [{'w': 657, 'h': 727, 'resized_w': 960, 'resized_h': 1056, 'tokens': 990}]
2026-09-14 16:47:27 [DEBUG] 토큰 사전계산 validation_Mechanical_Engineering_22 items=1 vision=  1025 prompt=  1274 [{'w': 215, 'h': 127, 'resized_w': 1312, 'resized_h': 800, 'tokens': 1025}]
2026-09-14 16:47:27 [DEBUG] 토큰 사전계산 validation_Mechanical_Engineering_23 items=1 vision=  1000 prompt=  1188 [{'w': 278, 'h': 171, 'resized_w': 1280, 'resized_h': 800, 'tokens': 1000}]
2026-09-14 16:47:27 [DEBUG] 토큰 사전계산 validation_Mechanical_Engineering_24 items=1 vision=  1008 prompt=  1205 [{'w': 870, 'h': 273, 'resized_w': 1792, 'resized_h': 576, 'tokens': 1008}]
2026-09-14 16:47:27 [DEBUG] 토큰 사전계산 validation_Mechanical_Engineering_25 items=1 vision=  1032 prompt=  1271 [{'w': 631, 'h': 344, 'resized_w': 1376, 'resized_h': 768, 'tokens': 1032}]
2026-09-14 16:47:27 [DEBUG] 토큰 사전계산 validation_Mechanical_Engineering_26 items=1 vision=  1026 prompt=  1124 [{'w': 618, 'h': 193, 'resized_w': 1824, 'resized_h': 576, 'tokens': 1026}]
2026-09-14 16:47:27 [DEBUG] 토큰 사전계산 validation_Mechanical_Engineering_27 items=1 vision=  1025 prompt=  1176 [{'w': 656, 'h': 391, 'resized_w': 1312, 'resized_h': 800, 'tokens': 1025}]
2026-09-14 16:47:27 [DEBUG] 토큰 사전계산 validation_Mechanical_Engineering_28 items=1 vision=  1000 prompt=  1118 [{'w': 793, 'h': 317, 'resized_w': 1600, 'resized_h': 640, 'tokens': 1000}]
2026-09-14 16:47:27 [DEBUG] 토큰 사전계산 validation_Mechanical_Engineering_29 items=1 vision=  1036 prompt=  1357 [{'w': 803, 'h': 1077, 'resized_w': 896, 'resized_h': 1184, 'tokens': 1036}]
2026-09-14 16:47:27 [DEBUG] 토큰 사전계산 validation_Mechanical_Engineering_30 items=1 vision=  1029 prompt=  1123 [{'w': 480, 'h': 204, 'resized_w': 1568, 'resized_h': 672, 'tokens': 1029}]
2026-09-14 16:47:27 [DEBUG] 토큰 사전계산 validation_Music_1                 items=5 vision=  5095 prompt=  5201 [{'w': 124, 'h': 184, 'resized_w': 832, 'resized_h': 1248, 'tokens': 1014}, {'w': 422, 'h': 212, 'resized_w': 1440, 'resized_h': 736, 'tokens': 1035}, {'w': 386, 'h': 244, 'resized_w': 1280, 'resized_h': 800, 'tokens': 1000}, {'w': 398, 'h': 260, 'resized_w': 1248, 'resized_h': 832, 'tokens': 1014}, {'w': 474, 'h': 256, 'resized_w': 1376, 'resized_h': 768, 'tokens': 1032}]
2026-09-14 16:47:27 [DEBUG] 토큰 사전계산 validation_Music_2                 items=1 vision=  1040 prompt=  1121 [{'w': 1512, 'h': 232, 'resized_w': 2560, 'resized_h': 416, 'tokens': 1040}]
2026-09-14 16:47:27 [DEBUG] 토큰 사전계산 validation_Music_3                 items=1 vision=  1044 prompt=  1140 [{'w': 408, 'h': 121, 'resized_w': 1856, 'resized_h': 576, 'tokens': 1044}]
2026-09-14 16:47:27 [DEBUG] 토큰 사전계산 validation_Music_4                 items=1 vision=  1066 prompt=  1177 [{'w': 1054, 'h': 156, 'resized_w': 2624, 'resized_h': 416, 'tokens': 1066}]
2026-09-14 16:47:27 [DEBUG] 토큰 사전계산 validation_Music_5                 items=1 vision=  1010 prompt=  1091 [{'w': 1912, 'h': 187, 'resized_w': 3232, 'resized_h': 320, 'tokens': 1010}]
2026-09-14 16:47:27 [DEBUG] 토큰 사전계산 validation_Music_6                 items=1 vision=  1054 prompt=  1160 [{'w': 585, 'h': 153, 'resized_w': 1984, 'resized_h': 544, 'tokens': 1054}]
2026-09-14 16:47:27 [DEBUG] 토큰 사전계산 validation_Music_7                 items=1 vision=  1056 prompt=  1163 [{'w': 1521, 'h': 352, 'resized_w': 2112, 'resized_h': 512, 'tokens': 1056}]
2026-09-14 16:47:27 [DEBUG] 토큰 사전계산 validation_Music_8                 items=1 vision=  1026 prompt=  1129 [{'w': 212, 'h': 150, 'resized_w': 1216, 'resized_h': 864, 'tokens': 1026}]
2026-09-14 16:47:27 [DEBUG] 토큰 사전계산 validation_Music_9                 items=1 vision=  1050 prompt=  1166 [{'w': 735, 'h': 131, 'resized_w': 2400, 'resized_h': 448, 'tokens': 1050}]
2026-09-14 16:47:27 [DEBUG] 토큰 사전계산 validation_Music_10                items=1 vision=   990 prompt=  1082 [{'w': 201, 'h': 66, 'resized_w': 1760, 'resized_h': 576, 'tokens': 990}]
2026-09-14 16:47:27 [DEBUG] 토큰 사전계산 validation_Music_11                items=1 vision=  1020 prompt=  1130 [{'w': 534, 'h': 206, 'resized_w': 1632, 'resized_h': 640, 'tokens': 1020}]
2026-09-14 16:47:27 [DEBUG] 토큰 사전계산 validation_Music_12                items=1 vision=  2040 prompt=  2131 [{'w': 1640, 'h': 1290, 'resized_w': 1632, 'resized_h': 1280, 'tokens': 2040}]
2026-09-14 16:47:27 [DEBUG] 토큰 사전계산 validation_Music_13                items=1 vision=  1472 prompt=  1571 [{'w': 2954, 'h': 526, 'resized_w': 2944, 'resized_h': 512, 'tokens': 1472}]
2026-09-14 16:47:27 [DEBUG] 토큰 사전계산 validation_Music_14                items=1 vision=  1023 prompt=  1126 [{'w': 429, 'h': 459, 'resized_w': 992, 'resized_h': 1056, 'tokens': 1023}]
2026-09-14 16:47:27 [DEBUG] 토큰 사전계산 validation_Music_15                items=1 vision=  1000 prompt=  1096 [{'w': 384, 'h': 154, 'resized_w': 1600, 'resized_h': 640, 'tokens': 1000}]
2026-09-14 16:47:27 [DEBUG] 토큰 사전계산 validation_Music_16                items=4 vision=  4141 prompt=  4249 [{'w': 818, 'h': 222, 'resized_w': 1952, 'resized_h': 544, 'tokens': 1037}, {'w': 958, 'h': 198, 'resized_w': 2208, 'resized_h': 480, 'tokens': 1035}, {'w': 536, 'h': 222, 'resized_w': 1568, 'resized_h': 672, 'tokens': 1029}, {'w': 318, 'h': 204, 'resized_w': 1280, 'resized_h': 832, 'tokens': 1040}]
2026-09-14 16:47:27 [DEBUG] 토큰 사전계산 validation_Music_17                items=1 vision=  1012 prompt=  1116 [{'w': 1552, 'h': 183, 'resized_w': 2944, 'resized_h': 352, 'tokens': 1012}]
2026-09-14 16:47:27 [DEBUG] 토큰 사전계산 validation_Music_18                items=1 vision=  1008 prompt=  1126 [{'w': 666, 'h': 284, 'resized_w': 1536, 'resized_h': 672, 'tokens': 1008}]
2026-09-14 16:47:27 [DEBUG] 토큰 사전계산 validation_Music_19                items=1 vision=  1023 prompt=  1129 [{'w': 1188, 'h': 136, 'resized_w': 2976, 'resized_h': 352, 'tokens': 1023}]
2026-09-14 16:47:27 [DEBUG] 토큰 사전계산 validation_Music_20                items=1 vision=  1066 prompt=  1169 [{'w': 2448, 'h': 362, 'resized_w': 2624, 'resized_h': 416, 'tokens': 1066}]
2026-09-14 16:47:27 [DEBUG] 토큰 사전계산 validation_Music_21                items=2 vision=  5536 prompt=  5665 [{'w': 1557, 'h': 2057, 'resized_w': 1568, 'resized_h': 2048, 'tokens': 3136}, {'w': 1586, 'h': 1530, 'resized_w': 1600, 'resized_h': 1536, 'tokens': 2400}]
2026-09-14 16:47:27 [DEBUG] 토큰 사전계산 validation_Music_22                items=1 vision=  1012 prompt=  1132 [{'w': 159, 'h': 76, 'resized_w': 1472, 'resized_h': 704, 'tokens': 1012}]
2026-09-14 16:47:27 [DEBUG] 토큰 사전계산 validation_Music_23                items=2 vision=  2063 prompt=  2161 [{'w': 1651, 'h': 187, 'resized_w': 3008, 'resized_h': 352, 'tokens': 1034}, {'w': 1506, 'h': 620, 'resized_w': 1568, 'resized_h': 672, 'tokens': 1029}]
2026-09-14 16:47:27 [DEBUG] 토큰 사전계산 validation_Music_24                items=1 vision=  1258 prompt=  1368 [{'w': 2366, 'h': 548, 'resized_w': 2368, 'resized_h': 544, 'tokens': 1258}]
2026-09-14 16:47:27 [DEBUG] 토큰 사전계산 validation_Music_25                items=1 vision=  1029 prompt=  1123 [{'w': 397, 'h': 164, 'resized_w': 1568, 'resized_h': 672, 'tokens': 1029}]
2026-09-14 16:47:27 [DEBUG] 토큰 사전계산 validation_Music_26                items=1 vision=   988 prompt=  1073 [{'w': 356, 'h': 130, 'resized_w': 1664, 'resized_h': 608, 'tokens': 988}]
2026-09-14 16:47:27 [DEBUG] 토큰 사전계산 validation_Music_27                items=1 vision=  1053 prompt=  1158 [{'w': 2130, 'h': 320, 'resized_w': 2592, 'resized_h': 416, 'tokens': 1053}]
2026-09-14 16:47:27 [DEBUG] 토큰 사전계산 validation_Music_28                items=1 vision=   988 prompt=  1094 [{'w': 270, 'h': 98, 'resized_w': 1664, 'resized_h': 608, 'tokens': 988}]
2026-09-14 16:47:27 [DEBUG] 토큰 사전계산 validation_Music_29                items=2 vision=  3020 prompt=  3115 [{'w': 1613, 'h': 1284, 'resized_w': 1600, 'resized_h': 1280, 'tokens': 2000}, {'w': 1334, 'h': 183, 'resized_w': 2720, 'resized_h': 384, 'tokens': 1020}]
2026-09-14 16:47:27 [DEBUG] 토큰 사전계산 validation_Music_30                items=1 vision=  1070 prompt=  1177 [{'w': 1530, 'h': 131, 'resized_w': 3424, 'resized_h': 320, 'tokens': 1070}]
2026-09-14 16:47:27 [DEBUG] 토큰 사전계산 validation_Pharmacy_1              items=1 vision=  1056 prompt=  1266 [{'w': 308, 'h': 39, 'resized_w': 2816, 'resized_h': 384, 'tokens': 1056}]
2026-09-14 16:47:27 [DEBUG] 토큰 사전계산 validation_Pharmacy_2              items=1 vision=  1044 prompt=  1252 [{'w': 884, 'h': 262, 'resized_w': 1856, 'resized_h': 576, 'tokens': 1044}]
2026-09-14 16:47:27 [DEBUG] 토큰 사전계산 validation_Pharmacy_3              items=1 vision=  1000 prompt=  1074 [{'w': 400, 'h': 248, 'resized_w': 1280, 'resized_h': 800, 'tokens': 1000}]
2026-09-14 16:47:27 [DEBUG] 토큰 사전계산 validation_Pharmacy_4              items=1 vision=  1023 prompt=  1161 [{'w': 341, 'h': 367, 'resized_w': 992, 'resized_h': 1056, 'tokens': 1023}]
2026-09-14 16:47:27 [DEBUG] 토큰 사전계산 validation_Pharmacy_5              items=1 vision=  1078 prompt=  1231 [{'w': 458, 'h': 47, 'resized_w': 3136, 'resized_h': 352, 'tokens': 1078}]
2026-09-14 16:47:27 [DEBUG] 토큰 사전계산 validation_Pharmacy_6              items=1 vision=  1040 prompt=  1154 [{'w': 328, 'h': 30, 'resized_w': 3328, 'resized_h': 320, 'tokens': 1040}]
2026-09-14 16:47:27 [DEBUG] 토큰 사전계산 validation_Pharmacy_7              items=1 vision=  1000 prompt=  1116 [{'w': 512, 'h': 205, 'resized_w': 1600, 'resized_h': 640, 'tokens': 1000}]
2026-09-14 16:47:27 [DEBUG] 토큰 사전계산 validation_Pharmacy_8              items=1 vision=  1015 prompt=  1124 [{'w': 236, 'h': 189, 'resized_w': 1120, 'resized_h': 928, 'tokens': 1015}]
2026-09-14 16:47:27 [DEBUG] 토큰 사전계산 validation_Pharmacy_9              items=1 vision=  1008 prompt=  1109 [{'w': 357, 'h': 282, 'resized_w': 1152, 'resized_h': 896, 'tokens': 1008}]
2026-09-14 16:47:27 [DEBUG] 토큰 사전계산 validation_Pharmacy_10             items=1 vision=  1008 prompt=  1121 [{'w': 345, 'h': 270, 'resized_w': 1152, 'resized_h': 896, 'tokens': 1008}]
2026-09-14 16:47:27 [DEBUG] 토큰 사전계산 validation_Pharmacy_11             items=1 vision=  1015 prompt=  1120 [{'w': 442, 'h': 370, 'resized_w': 1120, 'resized_h': 928, 'tokens': 1015}]
2026-09-14 16:47:27 [DEBUG] 토큰 사전계산 validation_Pharmacy_12             items=1 vision=  1014 prompt=  1133 [{'w': 523, 'h': 349, 'resized_w': 1248, 'resized_h': 832, 'tokens': 1014}]
2026-09-14 16:47:27 [DEBUG] 토큰 사전계산 validation_Pharmacy_13             items=1 vision=  1102 prompt=  1236 [{'w': 1226, 'h': 916, 'resized_w': 1216, 'resized_h': 928, 'tokens': 1102}]
2026-09-14 16:47:27 [DEBUG] 토큰 사전계산 validation_Pharmacy_14             items=1 vision=  1008 prompt=  1131 [{'w': 378, 'h': 288, 'resized_w': 1152, 'resized_h': 896, 'tokens': 1008}]
2026-09-14 16:47:27 [DEBUG] 토큰 사전계산 validation_Pharmacy_15             items=1 vision=  1008 prompt=  1111 [{'w': 383, 'h': 297, 'resized_w': 1152, 'resized_h': 896, 'tokens': 1008}]
2026-09-14 16:47:27 [DEBUG] 토큰 사전계산 validation_Pharmacy_16             items=1 vision=  1015 prompt=  1158 [{'w': 329, 'h': 266, 'resized_w': 1120, 'resized_h': 928, 'tokens': 1015}]
2026-09-14 16:47:27 [DEBUG] 토큰 사전계산 validation_Pharmacy_17             items=1 vision=  1023 prompt=  1131 [{'w': 299, 'h': 283, 'resized_w': 1056, 'resized_h': 992, 'tokens': 1023}]
2026-09-14 16:47:27 [DEBUG] 토큰 사전계산 validation_Pharmacy_18             items=3 vision=  3006 prompt=  3122 [{'w': 394, 'h': 402, 'resized_w': 992, 'resized_h': 1024, 'tokens': 992}, {'w': 342, 'h': 342, 'resized_w': 1024, 'resized_h': 1024, 'tokens': 1024}, {'w': 370, 'h': 338, 'resized_w': 1056, 'resized_h': 960, 'tokens': 990}]
2026-09-14 16:47:27 [DEBUG] 토큰 사전계산 validation_Pharmacy_19             items=1 vision=  1008 prompt=  1062 [{'w': 730, 'h': 322, 'resized_w': 1536, 'resized_h': 672, 'tokens': 1008}]
2026-09-14 16:47:27 [DEBUG] 토큰 사전계산 validation_Pharmacy_20             items=1 vision=  1020 prompt=  1226 [{'w': 374, 'h': 327, 'resized_w': 1088, 'resized_h': 960, 'tokens': 1020}]
2026-09-14 16:47:27 [DEBUG] 토큰 사전계산 validation_Pharmacy_21             items=1 vision=  1014 prompt=  1157 [{'w': 89, 'h': 58, 'resized_w': 1248, 'resized_h': 832, 'tokens': 1014}]
2026-09-14 16:47:27 [DEBUG] 토큰 사전계산 validation_Pharmacy_22             items=1 vision=  1012 prompt=  1137 [{'w': 337, 'h': 160, 'resized_w': 1472, 'resized_h': 704, 'tokens': 1012}]
2026-09-14 16:47:27 [DEBUG] 토큰 사전계산 validation_Pharmacy_23             items=1 vision=  1054 prompt=  1238 [{'w': 470, 'h': 123, 'resized_w': 1984, 'resized_h': 544, 'tokens': 1054}]
2026-09-14 16:47:27 [DEBUG] 토큰 사전계산 validation_Pharmacy_24             items=1 vision=  1025 prompt=  1134 [{'w': 213, 'h': 130, 'resized_w': 1312, 'resized_h': 800, 'tokens': 1025}]
2026-09-14 16:47:27 [DEBUG] 토큰 사전계산 validation_Pharmacy_25             items=1 vision=  1026 prompt=  1293 [{'w': 606, 'h': 186, 'resized_w': 1824, 'resized_h': 576, 'tokens': 1026}]
2026-09-14 16:47:27 [DEBUG] 토큰 사전계산 validation_Pharmacy_26             items=1 vision=  1102 prompt=  1207 [{'w': 1226, 'h': 916, 'resized_w': 1216, 'resized_h': 928, 'tokens': 1102}]
2026-09-14 16:47:27 [DEBUG] 토큰 사전계산 validation_Pharmacy_27             items=1 vision=  1023 prompt=  1282 [{'w': 464, 'h': 429, 'resized_w': 1056, 'resized_h': 992, 'tokens': 1023}]
2026-09-14 16:47:27 [DEBUG] 토큰 사전계산 validation_Pharmacy_28             items=1 vision=  1020 prompt=  1161 [{'w': 145, 'h': 129, 'resized_w': 1088, 'resized_h': 960, 'tokens': 1020}]
2026-09-14 16:47:27 [DEBUG] 토큰 사전계산 validation_Pharmacy_29             items=1 vision=  1029 prompt=  1138 [{'w': 317, 'h': 132, 'resized_w': 1568, 'resized_h': 672, 'tokens': 1029}]
2026-09-14 16:47:27 [DEBUG] 토큰 사전계산 validation_Pharmacy_30             items=1 vision=  1034 prompt=  1310 [{'w': 301, 'h': 651, 'resized_w': 704, 'resized_h': 1504, 'tokens': 1034}]
2026-09-14 16:47:27 [DEBUG] 토큰 사전계산 validation_Physics_1               items=1 vision=   992 prompt=  1145 [{'w': 376, 'h': 368, 'resized_w': 1024, 'resized_h': 992, 'tokens': 992}]
2026-09-14 16:47:27 [DEBUG] 토큰 사전계산 validation_Physics_2               items=1 vision=  1036 prompt=  1231 [{'w': 432, 'h': 322, 'resized_w': 1184, 'resized_h': 896, 'tokens': 1036}]
2026-09-14 16:47:27 [DEBUG] 토큰 사전계산 validation_Physics_3               items=1 vision=  1035 prompt=  1187 [{'w': 376, 'h': 190, 'resized_w': 1440, 'resized_h': 736, 'tokens': 1035}]
2026-09-14 16:47:27 [DEBUG] 토큰 사전계산 validation_Physics_4               items=1 vision=  1036 prompt=  1180 [{'w': 508, 'h': 378, 'resized_w': 1184, 'resized_h': 896, 'tokens': 1036}]
2026-09-14 16:47:27 [DEBUG] 토큰 사전계산 validation_Physics_5               items=1 vision=   990 prompt=  1132 [{'w': 2354, 'h': 240, 'resized_w': 3168, 'resized_h': 320, 'tokens': 990}]
2026-09-14 16:47:27 [DEBUG] 토큰 사전계산 validation_Physics_6               items=1 vision=  1026 prompt=  1201 [{'w': 822, 'h': 248, 'resized_w': 1824, 'resized_h': 576, 'tokens': 1026}]
2026-09-14 16:47:27 [DEBUG] 토큰 사전계산 validation_Physics_7               items=1 vision=   988 prompt=  1143 [{'w': 302, 'h': 208, 'resized_w': 1216, 'resized_h': 832, 'tokens': 988}]
2026-09-14 16:47:27 [DEBUG] 토큰 사전계산 validation_Physics_8               items=1 vision=  1020 prompt=  1193 [{'w': 632, 'h': 244, 'resized_w': 1632, 'resized_h': 640, 'tokens': 1020}]
2026-09-14 16:47:27 [DEBUG] 토큰 사전계산 validation_Physics_9               items=1 vision=  1026 prompt=  1186 [{'w': 250, 'h': 176, 'resized_w': 1216, 'resized_h': 864, 'tokens': 1026}]
2026-09-14 16:47:27 [DEBUG] 토큰 사전계산 validation_Physics_10              items=1 vision=  1012 prompt=  1245 [{'w': 678, 'h': 316, 'resized_w': 1472, 'resized_h': 704, 'tokens': 1012}]
2026-09-14 16:47:27 [DEBUG] 토큰 사전계산 validation_Physics_11              items=1 vision=   989 prompt=  1140 [{'w': 524, 'h': 282, 'resized_w': 1376, 'resized_h': 736, 'tokens': 989}]
2026-09-14 16:47:27 [DEBUG] 토큰 사전계산 validation_Physics_12              items=1 vision=  1008 prompt=  1192 [{'w': 676, 'h': 294, 'resized_w': 1536, 'resized_h': 672, 'tokens': 1008}]
2026-09-14 16:47:27 [DEBUG] 토큰 사전계산 validation_Physics_13              items=1 vision=  1008 prompt=  1146 [{'w': 802, 'h': 342, 'resized_w': 1536, 'resized_h': 672, 'tokens': 1008}]
2026-09-14 16:47:27 [DEBUG] 토큰 사전계산 validation_Physics_14              items=1 vision=  1012 prompt=  1175 [{'w': 434, 'h': 206, 'resized_w': 1472, 'resized_h': 704, 'tokens': 1012}]
2026-09-14 16:47:27 [DEBUG] 토큰 사전계산 validation_Physics_15              items=1 vision=  1036 prompt=  1214 [{'w': 484, 'h': 362, 'resized_w': 1184, 'resized_h': 896, 'tokens': 1036}]
2026-09-14 16:47:27 [DEBUG] 토큰 사전계산 validation_Physics_16              items=1 vision=  1023 prompt=  1181 [{'w': 732, 'h': 676, 'resized_w': 1056, 'resized_h': 992, 'tokens': 1023}]
2026-09-14 16:47:27 [DEBUG] 토큰 사전계산 validation_Physics_17              items=1 vision=  1044 prompt=  1155 [{'w': 1036, 'h': 308, 'resized_w': 1856, 'resized_h': 576, 'tokens': 1044}]
2026-09-14 16:47:27 [DEBUG] 토큰 사전계산 validation_Physics_18              items=1 vision=   990 prompt=  1138 [{'w': 508, 'h': 246, 'resized_w': 1440, 'resized_h': 704, 'tokens': 990}]
2026-09-14 16:47:27 [DEBUG] 토큰 사전계산 validation_Physics_19              items=1 vision=  1005 prompt=  1117 [{'w': 1016, 'h': 224, 'resized_w': 2144, 'resized_h': 480, 'tokens': 1005}]
2026-09-14 16:47:27 [DEBUG] 토큰 사전계산 validation_Physics_20              items=1 vision=  1036 prompt=  1192 [{'w': 360, 'h': 270, 'resized_w': 1184, 'resized_h': 896, 'tokens': 1036}]
2026-09-14 16:47:27 [DEBUG] 토큰 사전계산 validation_Physics_21              items=1 vision=  1015 prompt=  1093 [{'w': 558, 'h': 472, 'resized_w': 1120, 'resized_h': 928, 'tokens': 1015}]
2026-09-14 16:47:27 [DEBUG] 토큰 사전계산 validation_Physics_22              items=1 vision=  1020 prompt=  1165 [{'w': 332, 'h': 288, 'resized_w': 1088, 'resized_h': 960, 'tokens': 1020}]
2026-09-14 16:47:27 [DEBUG] 토큰 사전계산 validation_Physics_23              items=1 vision=   986 prompt=  1174 [{'w': 428, 'h': 366, 'resized_w': 1088, 'resized_h': 928, 'tokens': 986}]
2026-09-14 16:47:27 [DEBUG] 토큰 사전계산 validation_Physics_24              items=1 vision=  1056 prompt=  1158 [{'w': 286, 'h': 66, 'resized_w': 2112, 'resized_h': 512, 'tokens': 1056}]
2026-09-14 16:47:27 [DEBUG] 토큰 사전계산 validation_Physics_25              items=1 vision=  1003 prompt=  1146 [{'w': 622, 'h': 180, 'resized_w': 1888, 'resized_h': 544, 'tokens': 1003}]
2026-09-14 16:47:27 [DEBUG] 토큰 사전계산 validation_Physics_26              items=1 vision=  1025 prompt=  1142 [{'w': 820, 'h': 500, 'resized_w': 1312, 'resized_h': 800, 'tokens': 1025}]
2026-09-14 16:47:27 [DEBUG] 토큰 사전계산 validation_Physics_27              items=1 vision=   999 prompt=  1141 [{'w': 696, 'h': 506, 'resized_w': 1184, 'resized_h': 864, 'tokens': 999}]
2026-09-14 16:47:27 [DEBUG] 토큰 사전계산 validation_Physics_28              items=1 vision=  1026 prompt=  1167 [{'w': 520, 'h': 160, 'resized_w': 1824, 'resized_h': 576, 'tokens': 1026}]
2026-09-14 16:47:27 [DEBUG] 토큰 사전계산 validation_Physics_29              items=1 vision=  1008 prompt=  1126 [{'w': 360, 'h': 206, 'resized_w': 1344, 'resized_h': 768, 'tokens': 1008}]
2026-09-14 16:47:27 [DEBUG] 토큰 사전계산 validation_Physics_30              items=1 vision=   987 prompt=  1119 [{'w': 422, 'h': 188, 'resized_w': 1504, 'resized_h': 672, 'tokens': 987}]
2026-09-14 16:47:27 [DEBUG] 토큰 사전계산 validation_Psychology_1            items=5 vision=  4978 prompt=  5092 [{'w': 494, 'h': 342, 'resized_w': 1216, 'resized_h': 864, 'tokens': 1026}, {'w': 502, 'h': 342, 'resized_w': 1216, 'resized_h': 832, 'tokens': 988}, {'w': 502, 'h': 342, 'resized_w': 1216, 'resized_h': 832, 'tokens': 988}, {'w': 502, 'h': 342, 'resized_w': 1216, 'resized_h': 832, 'tokens': 988}, {'w': 502, 'h': 342, 'resized_w': 1216, 'resized_h': 832, 'tokens': 988}]
2026-09-14 16:47:27 [DEBUG] 토큰 사전계산 validation_Psychology_2            items=1 vision=  1020 prompt=  1293 [{'w': 660, 'h': 740, 'resized_w': 960, 'resized_h': 1088, 'tokens': 1020}]
2026-09-14 16:47:27 [DEBUG] 토큰 사전계산 validation_Psychology_3            items=1 vision=  1008 prompt=  1138 [{'w': 896, 'h': 506, 'resized_w': 1344, 'resized_h': 768, 'tokens': 1008}]
2026-09-14 16:47:27 [DEBUG] 토큰 사전계산 validation_Psychology_4            items=1 vision=   994 prompt=  1138 [{'w': 1110, 'h': 216, 'resized_w': 2272, 'resized_h': 448, 'tokens': 994}]
2026-09-14 16:47:27 [DEBUG] 토큰 사전계산 validation_Psychology_5            items=1 vision=  1015 prompt=  1128 [{'w': 746, 'h': 622, 'resized_w': 1120, 'resized_h': 928, 'tokens': 1015}]
2026-09-14 16:47:27 [DEBUG] 토큰 사전계산 validation_Psychology_6            items=1 vision=  1014 prompt=  1132 [{'w': 772, 'h': 512, 'resized_w': 1248, 'resized_h': 832, 'tokens': 1014}]
2026-09-14 16:47:27 [DEBUG] 토큰 사전계산 validation_Psychology_7            items=1 vision=  1026 prompt=  1153 [{'w': 636, 'h': 454, 'resized_w': 1216, 'resized_h': 864, 'tokens': 1026}]
2026-09-14 16:47:27 [DEBUG] 토큰 사전계산 validation_Psychology_8            items=1 vision=  1008 prompt=  1119 [{'w': 974, 'h': 778, 'resized_w': 1152, 'resized_h': 896, 'tokens': 1008}]
2026-09-14 16:47:27 [DEBUG] 토큰 사전계산 validation_Psychology_9            items=1 vision=  1023 prompt=  1143 [{'w': 784, 'h': 824, 'resized_w': 992, 'resized_h': 1056, 'tokens': 1023}]
2026-09-14 16:47:27 [DEBUG] 토큰 사전계산 validation_Psychology_10           items=1 vision=   986 prompt=  1177 [{'w': 532, 'h': 456, 'resized_w': 1088, 'resized_h': 928, 'tokens': 986}]
2026-09-14 16:47:27 [DEBUG] 토큰 사전계산 validation_Psychology_11           items=1 vision=  1000 prompt=  1595 [{'w': 968, 'h': 600, 'resized_w': 1280, 'resized_h': 800, 'tokens': 1000}]
2026-09-14 16:47:27 [DEBUG] 토큰 사전계산 validation_Psychology_12           items=1 vision=  1025 prompt=  1549 [{'w': 867, 'h': 521, 'resized_w': 1312, 'resized_h': 800, 'tokens': 1025}]
2026-09-14 16:47:27 [DEBUG] 토큰 사전계산 validation_Psychology_13           items=1 vision=  1008 prompt=  1116 [{'w': 504, 'h': 638, 'resized_w': 896, 'resized_h': 1152, 'tokens': 1008}]
2026-09-14 16:47:27 [DEBUG] 토큰 사전계산 validation_Psychology_14           items=1 vision=  1025 prompt=  1601 [{'w': 864, 'h': 524, 'resized_w': 1312, 'resized_h': 800, 'tokens': 1025}]
2026-09-14 16:47:27 [DEBUG] 토큰 사전계산 validation_Psychology_15           items=1 vision=  1023 prompt=  1138 [{'w': 440, 'h': 410, 'resized_w': 1056, 'resized_h': 992, 'tokens': 1023}]
2026-09-14 16:47:27 [DEBUG] 토큰 사전계산 validation_Psychology_16           items=1 vision=  1102 prompt=  1404 [{'w': 1204, 'h': 928, 'resized_w': 1216, 'resized_h': 928, 'tokens': 1102}]
2026-09-14 16:47:27 [DEBUG] 토큰 사전계산 validation_Psychology_17           items=5 vision=  5103 prompt=  5218 [{'w': 394, 'h': 284, 'resized_w': 1184, 'resized_h': 864, 'tokens': 999}, {'w': 394, 'h': 276, 'resized_w': 1216, 'resized_h': 864, 'tokens': 1026}, {'w': 394, 'h': 276, 'resized_w': 1216, 'resized_h': 864, 'tokens': 1026}, {'w': 394, 'h': 276, 'resized_w': 1216, 'resized_h': 864, 'tokens': 1026}, {'w': 394, 'h': 276, 'resized_w': 1216, 'resized_h': 864, 'tokens': 1026}]
2026-09-14 16:47:27 [DEBUG] 토큰 사전계산 validation_Psychology_18           items=1 vision=  1026 prompt=  1396 [{'w': 660, 'h': 230, 'resized_w': 1728, 'resized_h': 608, 'tokens': 1026}]
2026-09-14 16:47:27 [DEBUG] 토큰 사전계산 validation_Psychology_19           items=1 vision=   990 prompt=  1247 [{'w': 640, 'h': 702, 'resized_w': 960, 'resized_h': 1056, 'tokens': 990}]
2026-09-14 16:47:27 [DEBUG] 토큰 사전계산 validation_Psychology_20           items=1 vision=  1008 prompt=  1063 [{'w': 994, 'h': 558, 'resized_w': 1344, 'resized_h': 768, 'tokens': 1008}]
2026-09-14 16:47:27 [DEBUG] 토큰 사전계산 validation_Psychology_21           items=2 vision=  2529 prompt=  2842 [{'w': 1354, 'h': 860, 'resized_w': 1344, 'resized_h': 864, 'tokens': 1134}, {'w': 1434, 'h': 980, 'resized_w': 1440, 'resized_h': 992, 'tokens': 1395}]
2026-09-14 16:47:27 [DEBUG] 토큰 사전계산 validation_Psychology_22           items=1 vision=  1320 prompt=  1892 [{'w': 1071, 'h': 1292, 'resized_w': 1056, 'resized_h': 1280, 'tokens': 1320}]
2026-09-14 16:47:27 [DEBUG] 토큰 사전계산 validation_Psychology_23           items=1 vision=  1025 prompt=  1598 [{'w': 851, 'h': 513, 'resized_w': 1312, 'resized_h': 800, 'tokens': 1025}]
2026-09-14 16:47:27 [DEBUG] 토큰 사전계산 validation_Psychology_24           items=1 vision=  1008 prompt=  1117 [{'w': 878, 'h': 686, 'resized_w': 1152, 'resized_h': 896, 'tokens': 1008}]
2026-09-14 16:47:27 [DEBUG] 토큰 사전계산 validation_Psychology_25           items=1 vision=  1034 prompt=  1426 [{'w': 1176, 'h': 544, 'resized_w': 1504, 'resized_h': 704, 'tokens': 1034}]
2026-09-14 16:47:27 [DEBUG] 토큰 사전계산 validation_Psychology_26           items=1 vision=  1008 prompt=  1421 [{'w': 1042, 'h': 586, 'resized_w': 1344, 'resized_h': 768, 'tokens': 1008}]
2026-09-14 16:47:27 [DEBUG] 토큰 사전계산 validation_Psychology_27           items=1 vision=  1000 prompt=  1252 [{'w': 698, 'h': 434, 'resized_w': 1280, 'resized_h': 800, 'tokens': 1000}]
2026-09-14 16:47:27 [DEBUG] 토큰 사전계산 validation_Psychology_28           items=1 vision=  1008 prompt=  1138 [{'w': 504, 'h': 398, 'resized_w': 1152, 'resized_h': 896, 'tokens': 1008}]
2026-09-14 16:47:27 [DEBUG] 토큰 사전계산 validation_Psychology_29           items=1 vision=  1034 prompt=  1510 [{'w': 1176, 'h': 544, 'resized_w': 1504, 'resized_h': 704, 'tokens': 1034}]
2026-09-14 16:47:27 [DEBUG] 토큰 사전계산 validation_Psychology_30           items=5 vision=  5040 prompt=  5167 [{'w': 636, 'h': 496, 'resized_w': 1152, 'resized_h': 896, 'tokens': 1008}, {'w': 636, 'h': 496, 'resized_w': 1152, 'resized_h': 896, 'tokens': 1008}, {'w': 636, 'h': 496, 'resized_w': 1152, 'resized_h': 896, 'tokens': 1008}, {'w': 636, 'h': 496, 'resized_w': 1152, 'resized_h': 896, 'tokens': 1008}, {'w': 636, 'h': 496, 'resized_w': 1152, 'resized_h': 896, 'tokens': 1008}]
2026-09-14 16:47:27 [DEBUG] 토큰 사전계산 validation_Public_Health_1         items=1 vision=   996 prompt=  1164 [{'w': 632, 'h': 91, 'resized_w': 2656, 'resized_h': 384, 'tokens': 996}]
2026-09-14 16:47:27 [DEBUG] 토큰 사전계산 validation_Public_Health_2         items=1 vision=   994 prompt=  1266 [{'w': 610, 'h': 119, 'resized_w': 2272, 'resized_h': 448, 'tokens': 994}]
2026-09-14 16:47:27 [DEBUG] 토큰 사전계산 validation_Public_Health_3         items=1 vision=   996 prompt=  1160 [{'w': 606, 'h': 88, 'resized_w': 2656, 'resized_h': 384, 'tokens': 996}]
2026-09-14 16:47:27 [DEBUG] 토큰 사전계산 validation_Public_Health_4         items=1 vision=  1026 prompt=  1128 [{'w': 500, 'h': 352, 'resized_w': 1216, 'resized_h': 864, 'tokens': 1026}]
2026-09-14 16:47:27 [DEBUG] 토큰 사전계산 validation_Public_Health_5         items=1 vision=  1050 prompt=  1219 [{'w': 802, 'h': 143, 'resized_w': 2400, 'resized_h': 448, 'tokens': 1050}]
2026-09-14 16:47:27 [DEBUG] 토큰 사전계산 validation_Public_Health_6         items=1 vision=  1067 prompt=  1237 [{'w': 1466, 'h': 154, 'resized_w': 3104, 'resized_h': 352, 'tokens': 1067}]
2026-09-14 16:47:27 [DEBUG] 토큰 사전계산 validation_Public_Health_7         items=1 vision=  1040 prompt=  1239 [{'w': 602, 'h': 141, 'resized_w': 2080, 'resized_h': 512, 'tokens': 1040}]
2026-09-14 16:47:27 [DEBUG] 토큰 사전계산 validation_Public_Health_8         items=1 vision=  1007 prompt=  1310 [{'w': 847, 'h': 301, 'resized_w': 1696, 'resized_h': 608, 'tokens': 1007}]
2026-09-14 16:47:27 [DEBUG] 토큰 사전계산 validation_Public_Health_9         items=1 vision=   992 prompt=  1199 [{'w': 755, 'h': 195, 'resized_w': 1984, 'resized_h': 512, 'tokens': 992}]
2026-09-14 16:47:27 [DEBUG] 토큰 사전계산 validation_Public_Health_10        items=1 vision=   994 prompt=  1159 [{'w': 595, 'h': 116, 'resized_w': 2272, 'resized_h': 448, 'tokens': 994}]
2026-09-14 16:47:27 [DEBUG] 토큰 사전계산 validation_Public_Health_11        items=1 vision=  1008 prompt=  1124 [{'w': 607, 'h': 116, 'resized_w': 2304, 'resized_h': 448, 'tokens': 1008}]
2026-09-14 16:47:27 [DEBUG] 토큰 사전계산 validation_Public_Health_12        items=1 vision=   994 prompt=  1118 [{'w': 608, 'h': 120, 'resized_w': 2272, 'resized_h': 448, 'tokens': 994}]
2026-09-14 16:47:27 [DEBUG] 토큰 사전계산 validation_Public_Health_13        items=1 vision=  1040 prompt=  1155 [{'w': 958, 'h': 360, 'resized_w': 1664, 'resized_h': 640, 'tokens': 1040}]
2026-09-14 16:47:27 [DEBUG] 토큰 사전계산 validation_Public_Health_14        items=1 vision=  1022 prompt=  1138 [{'w': 604, 'h': 112, 'resized_w': 2336, 'resized_h': 448, 'tokens': 1022}]
2026-09-14 16:47:27 [DEBUG] 토큰 사전계산 validation_Public_Health_15        items=1 vision=  1007 prompt=  1161 [{'w': 890, 'h': 322, 'resized_w': 1696, 'resized_h': 608, 'tokens': 1007}]
2026-09-14 16:47:27 [DEBUG] 토큰 사전계산 validation_Public_Health_16        items=1 vision=  1040 prompt=  1346 [{'w': 808, 'h': 299, 'resized_w': 1664, 'resized_h': 640, 'tokens': 1040}]
2026-09-14 16:47:27 [DEBUG] 토큰 사전계산 validation_Public_Health_17        items=1 vision=  1008 prompt=  1185 [{'w': 434, 'h': 84, 'resized_w': 2304, 'resized_h': 448, 'tokens': 1008}]
2026-09-14 16:47:27 [DEBUG] 토큰 사전계산 validation_Public_Health_18        items=1 vision=  1032 prompt=  1134 [{'w': 1302, 'h': 710, 'resized_w': 1376, 'resized_h': 768, 'tokens': 1032}]
2026-09-14 16:47:27 [DEBUG] 토큰 사전계산 validation_Public_Health_19        items=1 vision=   996 prompt=  1207 [{'w': 632, 'h': 91, 'resized_w': 2656, 'resized_h': 384, 'tokens': 996}]
2026-09-14 16:47:27 [DEBUG] 토큰 사전계산 validation_Public_Health_20        items=1 vision=   994 prompt=  1135 [{'w': 609, 'h': 121, 'resized_w': 2272, 'resized_h': 448, 'tokens': 994}]
2026-09-14 16:47:27 [DEBUG] 토큰 사전계산 validation_Public_Health_21        items=1 vision=   992 prompt=  1294 [{'w': 847, 'h': 221, 'resized_w': 1984, 'resized_h': 512, 'tokens': 992}]
2026-09-14 16:47:27 [DEBUG] 토큰 사전계산 validation_Public_Health_22        items=1 vision=  1035 prompt=  1211 [{'w': 609, 'h': 305, 'resized_w': 1440, 'resized_h': 736, 'tokens': 1035}]
2026-09-14 16:47:27 [DEBUG] 토큰 사전계산 validation_Public_Health_23        items=1 vision=  1044 prompt=  1182 [{'w': 533, 'h': 158, 'resized_w': 1856, 'resized_h': 576, 'tokens': 1044}]
2026-09-14 16:47:27 [DEBUG] 토큰 사전계산 validation_Public_Health_24        items=1 vision=  1014 prompt=  1189 [{'w': 548, 'h': 365, 'resized_w': 1248, 'resized_h': 832, 'tokens': 1014}]
2026-09-14 16:47:27 [DEBUG] 토큰 사전계산 validation_Public_Health_25        items=1 vision=   994 prompt=  1118 [{'w': 608, 'h': 119, 'resized_w': 2272, 'resized_h': 448, 'tokens': 994}]
2026-09-14 16:47:27 [DEBUG] 토큰 사전계산 validation_Public_Health_26        items=1 vision=  1026 prompt=  1600 [{'w': 963, 'h': 291, 'resized_w': 1824, 'resized_h': 576, 'tokens': 1026}]
2026-09-14 16:47:27 [DEBUG] 토큰 사전계산 validation_Public_Health_27        items=1 vision=   989 prompt=  1101 [{'w': 1180, 'h': 636, 'resized_w': 1376, 'resized_h': 736, 'tokens': 989}]
2026-09-14 16:47:27 [DEBUG] 토큰 사전계산 validation_Public_Health_28        items=1 vision=  1008 prompt=  1267 [{'w': 807, 'h': 259, 'resized_w': 1792, 'resized_h': 576, 'tokens': 1008}]
2026-09-14 16:47:27 [DEBUG] 토큰 사전계산 validation_Public_Health_29        items=1 vision=  1020 prompt=  1198 [{'w': 675, 'h': 144, 'resized_w': 2176, 'resized_h': 480, 'tokens': 1020}]
2026-09-14 16:47:27 [DEBUG] 토큰 사전계산 validation_Public_Health_30        items=1 vision=   992 prompt=  1198 [{'w': 755, 'h': 195, 'resized_w': 1984, 'resized_h': 512, 'tokens': 992}]
2026-09-14 16:47:27 [DEBUG] 토큰 사전계산 validation_Sociology_1             items=1 vision=  1209 prompt=  1341 [{'w': 988, 'h': 1234, 'resized_w': 992, 'resized_h': 1248, 'tokens': 1209}]
2026-09-14 16:47:27 [DEBUG] 토큰 사전계산 validation_Sociology_2             items=1 vision=  1008 prompt=  1117 [{'w': 746, 'h': 420, 'resized_w': 1344, 'resized_h': 768, 'tokens': 1008}]
2026-09-14 16:47:27 [DEBUG] 토큰 사전계산 validation_Sociology_3             items=1 vision=  1020 prompt=  1160 [{'w': 426, 'h': 482, 'resized_w': 960, 'resized_h': 1088, 'tokens': 1020}]
2026-09-14 16:47:27 [DEBUG] 토큰 사전계산 validation_Sociology_4             items=1 vision=  1008 prompt=  1108 [{'w': 540, 'h': 686, 'resized_w': 896, 'resized_h': 1152, 'tokens': 1008}]
2026-09-14 16:47:27 [DEBUG] 토큰 사전계산 validation_Sociology_5             items=1 vision=  1000 prompt=  1133 [{'w': 1218, 'h': 776, 'resized_w': 1280, 'resized_h': 800, 'tokens': 1000}]
2026-09-14 16:47:27 [DEBUG] 토큰 사전계산 validation_Sociology_6             items=1 vision=  1014 prompt=  1150 [{'w': 1024, 'h': 687, 'resized_w': 1248, 'resized_h': 832, 'tokens': 1014}]
2026-09-14 16:47:27 [DEBUG] 토큰 사전계산 validation_Sociology_7             items=1 vision=  1008 prompt=  1135 [{'w': 1322, 'h': 740, 'resized_w': 1344, 'resized_h': 768, 'tokens': 1008}]
2026-09-14 16:47:27 [DEBUG] 토큰 사전계산 validation_Sociology_8             items=1 vision=  1012 prompt=  1121 [{'w': 1024, 'h': 538, 'resized_w': 1408, 'resized_h': 736, 'tokens': 1012}]
2026-09-14 16:47:27 [DEBUG] 토큰 사전계산 validation_Sociology_9             items=1 vision=  1025 prompt=  1192 [{'w': 1212, 'h': 720, 'resized_w': 1312, 'resized_h': 800, 'tokens': 1025}]
2026-09-14 16:47:27 [DEBUG] 토큰 사전계산 validation_Sociology_10            items=1 vision=  1248 prompt=  1353 [{'w': 1234, 'h': 1015, 'resized_w': 1248, 'resized_h': 1024, 'tokens': 1248}]
2026-09-14 16:47:27 [DEBUG] 토큰 사전계산 validation_Sociology_11            items=1 vision=  1023 prompt=  1127 [{'w': 680, 'h': 628, 'resized_w': 1056, 'resized_h': 992, 'tokens': 1023}]
2026-09-14 16:47:27 [DEBUG] 토큰 사전계산 validation_Sociology_12            items=1 vision=  1020 prompt=  1124 [{'w': 600, 'h': 684, 'resized_w': 960, 'resized_h': 1088, 'tokens': 1020}]
2026-09-14 16:47:27 [DEBUG] 토큰 사전계산 validation_Sociology_13            items=1 vision=  1020 prompt=  1110 [{'w': 916, 'h': 810, 'resized_w': 1088, 'resized_h': 960, 'tokens': 1020}]
2026-09-14 16:47:27 [DEBUG] 토큰 사전계산 validation_Sociology_14            items=1 vision=  1178 prompt=  1311 [{'w': 1204, 'h': 992, 'resized_w': 1216, 'resized_h': 992, 'tokens': 1178}]
2026-09-14 16:47:27 [DEBUG] 토큰 사전계산 validation_Sociology_15            items=1 vision=  1080 prompt=  1184 [{'w': 1280, 'h': 861, 'resized_w': 1280, 'resized_h': 864, 'tokens': 1080}]
2026-09-14 16:47:27 [DEBUG] 토큰 사전계산 validation_Sociology_16            items=1 vision=   999 prompt=  1110 [{'w': 436, 'h': 598, 'resized_w': 864, 'resized_h': 1184, 'tokens': 999}]
2026-09-14 16:47:27 [DEBUG] 토큰 사전계산 validation_Sociology_17            items=1 vision=  1254 prompt=  1428 [{'w': 1057, 'h': 1204, 'resized_w': 1056, 'resized_h': 1216, 'tokens': 1254}]
2026-09-14 16:47:27 [DEBUG] 토큰 사전계산 validation_Sociology_18            items=1 vision=  1014 prompt=  1257 [{'w': 844, 'h': 1256, 'resized_w': 832, 'resized_h': 1248, 'tokens': 1014}]
2026-09-14 16:47:27 [DEBUG] 토큰 사전계산 validation_Sociology_19            items=1 vision=  1012 prompt=  1111 [{'w': 768, 'h': 361, 'resized_w': 1472, 'resized_h': 704, 'tokens': 1012}]
2026-09-14 16:47:27 [DEBUG] 토큰 사전계산 validation_Sociology_20            items=1 vision=  1014 prompt=  1125 [{'w': 673, 'h': 1029, 'resized_w': 832, 'resized_h': 1248, 'tokens': 1014}]
2026-09-14 16:47:27 [DEBUG] 토큰 사전계산 validation_Sociology_21            items=1 vision=  1664 prompt=  1789 [{'w': 1652, 'h': 1032, 'resized_w': 1664, 'resized_h': 1024, 'tokens': 1664}]
2026-09-14 16:47:27 [DEBUG] 토큰 사전계산 validation_Sociology_22            items=1 vision=   999 prompt=  1095 [{'w': 752, 'h': 546, 'resized_w': 1184, 'resized_h': 864, 'tokens': 999}]
2026-09-14 16:47:27 [DEBUG] 토큰 사전계산 validation_Sociology_23            items=1 vision=  1036 prompt=  1145 [{'w': 1000, 'h': 750, 'resized_w': 1184, 'resized_h': 896, 'tokens': 1036}]
2026-09-14 16:47:27 [DEBUG] 토큰 사전계산 validation_Sociology_24            items=1 vision=  1036 prompt=  1193 [{'w': 960, 'h': 720, 'resized_w': 1184, 'resized_h': 896, 'tokens': 1036}]
2026-09-14 16:47:27 [DEBUG] 토큰 사전계산 validation_Sociology_25            items=1 vision=  1300 prompt=  1468 [{'w': 1614, 'h': 818, 'resized_w': 1600, 'resized_h': 832, 'tokens': 1300}]
2026-09-14 16:47:27 [DEBUG] 토큰 사전계산 validation_Sociology_26            items=1 vision=  1431 prompt=  1557 [{'w': 1682, 'h': 862, 'resized_w': 1696, 'resized_h': 864, 'tokens': 1431}]
2026-09-14 16:47:27 [DEBUG] 토큰 사전계산 validation_Sociology_27            items=1 vision=  1020 prompt=  1144 [{'w': 1020, 'h': 278, 'resized_w': 1920, 'resized_h': 544, 'tokens': 1020}]
2026-09-14 16:47:27 [DEBUG] 토큰 사전계산 validation_Sociology_28            items=1 vision=  1026 prompt=  1151 [{'w': 1080, 'h': 746, 'resized_w': 1216, 'resized_h': 864, 'tokens': 1026}]
2026-09-14 16:47:27 [DEBUG] 토큰 사전계산 validation_Sociology_29            items=1 vision=  1480 prompt=  1630 [{'w': 1282, 'h': 1180, 'resized_w': 1280, 'resized_h': 1184, 'tokens': 1480}]
2026-09-14 16:47:27 [DEBUG] 토큰 사전계산 validation_Sociology_30            items=1 vision=   990 prompt=  1103 [{'w': 820, 'h': 400, 'resized_w': 1440, 'resized_h': 704, 'tokens': 990}]
2026-09-14 16:47:27 [INFO] ==============================================================================
2026-09-14 16:47:27 [INFO] 컨텍스트 사전 점검 (추론 전 전수 검사)
2026-09-14 16:47:27 [INFO] ==============================================================================
2026-09-14 16:47:27 [INFO] 문항 수: 900 / max_model_len=9,048 / max_new_tokens=2,048 / limit_mm_per_prompt.image=5
2026-09-14 16:47:27 [INFO] 최대 prompt_tokens : 5,665 (validation_Music_21)
2026-09-14 16:47:27 [INFO] 최대 vision_tokens : 5,536 (validation_Music_21)
2026-09-14 16:47:27 [INFO] 최대 이미지 아이템 : 5개 (validation_Biology_29, 마커 등장 횟수 기준)
2026-09-14 16:47:27 [INFO] 여유분(headroom)    : 1,335 토큰 = max_model_len - (최대 prompt + max_new_tokens)
2026-09-14 16:47:27 [INFO] 참고: FACTS 3 의 실측 최대 vision token 5,536(validation_Music_21)은 '고유 참조 이미지' 기준입니다. 여기 값은 FACTS 4a 의 반복 참조(예: validation_Math_19 의 [1,2,1,1,2])를 모두 세므로 더 클 수 있고, 그것이 실제 요청 비용입니다.
2026-09-14 16:47:27 [INFO] 사전 점검 통과: 900문항 모두 max_model_len 안에 들어갑니다.
2026-09-14 16:47:27 [INFO] 같은 이미지를 여러 번 참조하는 문항 1건(FACTS 4a). 마커 등장 순서대로 이미지를 반복 전달하므로 vision token 도 반복 계산됩니다.
2026-09-14 16:47:27 [INFO] 설정 기록: /workspace/MMDL/outputs/dryrun-anchored/config.json
2026-09-14 16:47:27 [INFO] ==============================================================================
2026-09-14 16:47:27 [INFO] --dry-run 완료 (모델은 적재하지 않았습니다)
2026-09-14 16:47:27 [INFO] ==============================================================================
2026-09-14 16:47:27 [INFO] 문항 900건의 프롬프트와 토큰 수를 검증했습니다.
2026-09-14 16:47:27 [INFO] vision token 합계 1,090,790 / prompt token 합계 1,229,223
2026-09-14 16:47:27 [INFO] 최대 prompt 5,665 토큰(validation_Music_21), 여유 1,335 토큰
2026-09-14 16:47:27 [INFO] 문항별 상세 토큰 수는 /workspace/MMDL/outputs/dryrun-anchored/run.log 에 기록되어 있습니다.
